s,a,t,v0
0.42660855600243613,1.2442175420796637,0.3830389007577846,0.875455478014229
2.7806509722444885,1.559951616237607,1.5707171674275384,0.5451852105652832
1.3047214616684084,1.6037443550700385,0.5529285102861934,1.9162787073674103
2.8535045450664636,0.7156345399157333,1.7518652694841894,1.0019902510469174
2.3438846688310413,1.4254040539658004,1.3669258703442726,0.7405015095807899
0.6646735867273784,1.0061663306156194,1.1223923721312499,0.027536899181364483
3.2366430038505563,1.7652823812722331,1.545653243224748,0.7297719678027446
1.0220827959981738,0.1507624832859531,1.2307923568669874,0.737648012003949
3.7513338606995177,1.3027562864531548,1.8662802039650432,0.7944051554523084
2.5807150977571918,0.6336722443377425,1.577460285881491,1.1361973052521384
4.1065848894967365,0.8723468477913587,1.7382547791224516,1.6042952841603182
0.4634068670306456,1.4085219422366708,0.28753364902912915,1.409162616379145
0.5640412274214467,1.84973525723113,0.43758421134817715,0.8842815108083533
0.8681150877705583,0.1196184455597038,1.818631917944945,0.3685741676276273
0.11868823155959013,1.3497618871646604,0.09471055760303027,1.1892495598688977
1.2469607426153204,0.08664812538960698,1.0666203259975011,1.1228661601267957
0.36620442799931197,1.0059336662252367,0.65933689124183,0.22378863514880765
0.8510477682620934,1.1318892861010628,1.2143874124369691,0.01352812398000558
3.3433402745757945,1.8242457728663086,1.234883417608594,1.5810482661140668
6.917480856937434,1.917603524305733,1.984162932376723,1.5839282705832796
0.748900022147159,1.249833410611822,0.5705019200490196,0.9561875913413491
0.10072084029802743,0.7646349040630129,0.39135035733179646,0.10774737029247317
1.0251760886247276,1.964009483043909,0.9032968165217181,0.24788540097392597
0.32255246846388524,1.4770461122866936,0.2387617958524968,1.1746072669279692
0.5277437091358086,0.2142536343877326,0.9432650686407356,0.45843713092123584
3.2791684107357986,0.8335070756053864,1.7999303896733507,1.0717033250632317
0.010896187778815134,0.6012834115406023,0.012417033174258796,0.8737863443512204
2.9084685170750495,1.8363961507611462,1.224297994131515,1.2514733399250706
2.4056038126687755,0.29966743197985446,1.4119951301635465,1.4921268182734333
3.2074889665007813,1.2674515379019582,1.6620139848670756,0.876619762244855
0.37529735753244,1.1368192304943803,0.3051455493490107,1.056448555170121
3.6519150835333996,0.9607183570200322,1.9028575275071864,1.0051191267651007
1.0671578597098432,1.6384041341283166,1.0737563858488195,0.11423127617771978
3.271169278510931,1.534233256758945,1.3388434861490977,1.4162307239552077
4.495280248098372,1.115521656854899,1.5937343674503932,1.9316730639842552
0.3521501423175573,0.05929400107083116,0.29431379978599437,1.1877869852495435
0.19809206082579764,1.9016197001682444,0.22813139748532496,0.6514148288506945
0.7814786943717784,0.9156232977948551,0.3872373803075544,1.8408051421861755
2.004543212301524,0.5052315100930604,1.7581383230293515,0.6960175857386923
0.6362749578731167,1.8035921027419841,0.3651774631606175,1.413056326343595
4.1658464689911066,1.8001756736194154,1.4533169231242815,1.5583276015386485
0.7808768597127098,0.5822504897957497,1.1983095612085848,0.30279052881486423
0.39381311237903605,1.3151035543156389,0.6703493182988698,0.14668508726523632
0.13383266923054304,0.6463896278423529,0.1100127908124473,1.1809636089259723
1.4283653867763992,0.574124850000018,1.7077971342512834,0.3461344536295843
0.16768871343690267,1.989307657288589,0.26804241199768564,0.35899573893878367
0.2410913343315848,1.1365828093182144,0.6350936460543917,0.01869714900048902
5.177093368453855,1.9544828618451742,1.8012972423101838,1.1137893582736698
0.2565794222442106,0.6660049314582002,0.16954768678838028,1.456857352739344
0.20039767055422336,1.104937878995091,0.28487074668363443,0.5460865193673712
3.533162236754868,1.3355738122900753,1.9489902761745195,0.5113065728682793
0.3754281255158498,1.5523614463477644,0.21662298836545757,1.564955985200404
4.128002192729625,1.8288062265386476,1.5232078286149882,1.3172455638848453
1.8482581025538538,0.4035113849059566,1.1367351631458649,1.3965927511035223
7.011914892925976,1.7799265742840102,1.9043908196309547,1.9871347257263474
2.9393011091418457,1.0902443323594397,1.637407020407851,0.9025081099281966
5.201421387317064,1.9465295822373379,1.7811143758577146,1.1868226591379394
1.4492156959395552,0.646189385932499,0.7321489954409417,1.742846510097396
0.4520537871760698,1.4698903771243927,0.43126812597679165,0.7312381747343712
4.260672564286737,1.5654711839507525,1.6032051970055203,1.402710758473386
2.859769392315841,0.9873652914942241,1.2455531732063982,1.6810754002369774
0.9887925518410953,0.8878179628317049,1.4241939738872946,0.062069722266665295
1.0766336137900923,1.4614435828206775,0.7264795203871961,0.9511331461672832
0.4779617836991308,1.2817608699920375,0.6888339402440053,0.2524106432287989
0.17380687394531222,1.4741729873770433,0.3429305219284995,0.2540587871448048
0.4827574553731766,1.2086680096720528,0.7392997498932536,0.20620887771129448
5.577226954662183,1.8911064716842487,1.6047483646744203,1.9580776398678752
5.229655433966,1.2553638429279503,1.762464492677854,1.8609730668053313
1.625035602696305,1.4333557721107124,1.4495799062048778,0.0821571331683677
0.8068190973898937,0.5641395662321755,0.8789635503349498,0.6699919377838546
0.19138506346472092,1.521698294114772,0.1670540140888006,1.0185448943279078
2.0825494051797144,1.260628884968563,1.3220948352169044,0.741853654915055
1.189819159645341,0.8302164403951864,0.8934803034616894,0.9607770160268132
1.493091556757137,0.7468474147070747,1.9666471467769324,0.02481396345542719
4.265915739378214,1.746552140688416,1.8438066755980578,0.7034936431751775
1.1047457263234133,0.7156539186833821,1.2602662250045842,0.4256398752969299
0.1488260770145857,0.8391275834616554,0.44663844624530435,0.14582044215613355
3.7070004846179874,1.5113722979018749,1.3016781402733846,1.8642024526236245
0.7282802839971557,0.5938545668990669,0.7528083191639958,0.7438886249883003
3.884149417421633,1.8022790705005896,1.6553987176072684,0.8546075697149924
0.0012425393277209218,0.08393048912934042,0.004378861646243237,0.28357476632552925
0.8634898797480601,0.2129210440237217,1.1964743702103333,0.5943179723486358
0.013771370361165177,1.2426497205027232,0.11678397982426558,0.0453609522495666
3.4910805657423434,0.6126744057325448,1.7101093722633134,1.5175668895078083
1.3226007314089665,0.07632836435729629,1.1265502202797322,1.1310334481196758
2.4198068346909505,0.36653269878535566,1.3177469772964172,1.5948226161822772
2.3753869253187303,1.1113067688994738,1.2247348589378977,1.2589830892447686
2.615371228201143,0.4807650750455732,1.372360150662204,1.5758555759590793
4.507421680887746,1.4555920311972383,1.7129549141191416,1.3846902868319222
2.0206947818396337,1.7137458838690016,0.9447018781403695,1.3294866678086121
0.7566644796506249,1.0362909985126265,0.666751884550649,0.7893771668903451
0.10782437416901972,1.1536796862662417,0.06209919671272268,1.7005034906977217
2.7631589410822937,1.3659575942165334,1.9029777303472901,0.15232509639205594
0.31390592394299677,0.08380279754347342,0.820155885544974,0.34837366315075835
1.5025298044381525,0.34578234119972073,1.130804011129507,1.1332209558888924
2.399270243162502,1.7377417750947537,1.0280085058990822,1.4406944958619057
1.8343480562190588,0.5552299964667442,1.8071826941405966,0.5133308643629759
4.5187481100909554,1.8031377924978789,1.3994065257228214,1.9673846502431562
2.0975312039170926,0.6600147770704219,1.28182562485249,1.2133504324583202
2.085690084037839,1.2559301309223232,1.6443195771517811,0.2358461150014206
0.8163406734971665,1.9734944306757292,0.5717553467023127,0.8636016969818487
1.1494188276541593,1.0544841533484604,1.1484688275661288,0.3953060987550254
0.7113680076019613,1.001980915844397,0.3314168644496682,1.9804081201706285
0.7205631908718714,1.4280265305532298,0.7879836226172936,0.3518085388465455
0.04883730582778405,0.31524617262499466,0.1413923575008853,0.32311602701767184
1.0499886790154245,1.073412051128132,0.5672741645242785,1.546477429786421
4.978257415631953,1.2747828939148105,1.7606871625544087,1.7052044805091062
2.2771719405480946,1.3876933206041258,1.195910743048854,1.0743533462932024
2.951036584986066,0.10453285251363931,1.778460166931392,1.5663674015859357
0.039206087246244394,0.11739685197589433,0.29034653820338474,0.11798916171107665
0.08976733832785411,1.0319721768831716,0.10394245973605076,0.8099924401986269
1.7430540866514885,0.21714002110528852,1.9992991875403874,0.6547686049895622
5.123177030172674,0.8022287834760988,1.9956598641162049,1.7666715329462521
3.2507224473835685,1.9064817792888331,1.1382771610548676,1.7707744883104732
3.0778853715062917,0.0636161260723449,1.5585711831638895,1.9252370595669526
2.0433590927799012,0.41558202290798896,1.039270888462805,1.7501956134773013
0.6781209690269856,0.2773186530738192,0.4483029580051916,1.450478575012404
3.763671974425723,1.0709637531906953,1.9475778190149944,0.8895959960009812
0.08651623173422854,1.211976680630989,0.04422235603702007,1.9295930479133603
4.197674196764342,1.8600576185210798,1.9351829619338703,0.36935966399206466
1.5457468292628302,0.8259253395262642,1.2459243167228817,0.7261224044109678
0.10316246325159101,1.7362974191437557,0.07320588268968309,1.3456564252562984
0.3009194594016866,1.773931878472789,0.17494322812344731,1.5649291015307933
0.9737560160671808,1.6366275747740138,0.6346088225259205,1.0151101364846964
0.03861426477585857,0.8670435164575634,0.042386603536136214,0.8926261119075882
0.9008705102985923,1.6604914636821508,0.47763997881445963,1.4895283532261065
1.8213985694323804,0.9857357051309641,1.1729580019203312,0.974711759682386
0.9761907149222149,1.2100222028794339,0.5334813918458408,1.507087441980574
0.2593880596155499,1.044606566264952,0.5411684559064673,0.19665706042712228
3.4195705676658674,1.7680811880319642,1.4272733499389574,1.1341088424560066
0.7556210074408228,0.3574795405251163,1.988963157794464,0.024400172588856073
2.3249046573841863,1.8635038837099016,0.9139969611141616,1.6920493764357494
1.2367196797018833,1.8051100520954704,0.9466597521405202,0.4519910526747295
1.1455154238685847,1.4299877630270463,0.6083074773131727,1.448182966875754
0.043764448682369374,0.571626206717762,0.037352878847362936,1.1609726704907777
1.621865576750502,0.6779938033575263,1.8615732641803395,0.24016624613933213
1.3621797622318201,1.398414126622668,1.0325454170515043,0.5972813541529498
5.338655321451688,1.8116143907857478,1.7232192305583556,1.537166503695569
1.2369806699059684,1.8769111923932977,0.5224632814750112,1.8772849110266934
2.7291365796097398,1.8214700856946207,1.4900890942157552,0.47444941758907055
2.6835726514903158,1.6197566776198695,0.9899347042407876,1.909131567650994
3.24552469688321,1.8216995054513048,1.2749665090479392,1.3842735023915356
0.06969565225382558,1.667173801375982,0.08588597869817005,0.7398970319527474
2.164338870823272,0.9661057503530461,1.8731140018026635,0.2506632143368426
2.6734338162747946,0.03405166195202036,1.9289083675195595,1.3531415301531404
0.3771486524431506,0.3106257065664404,0.280879932421664,1.2991154941097587
5.67017030610079,1.389614830763217,1.963308432276963,1.5239477860723063
0.46814692678368125,0.27778688793362183,0.850418365605732,0.43237260632016095
1.6269154665832626,0.10921173830918107,1.5294005447985894,0.9802459782682356
0.4808122069617742,1.2618496929057836,0.36138036341032787,1.102484066713281
3.182585364407818,1.6366899506725656,1.13416242896756,1.8779746076129837
0.6446367329951456,1.4256880485849102,0.3858028297286964,1.395879608481125
0.7944251213994775,1.8316156391346066,0.5165929974075296,1.06471637315433
1.1577231051921768,0.6455445363302983,1.1159288388166928,0.6772615651971148
0.7024562511937866,1.9576364111854925,0.6646031080832389,0.40643039108396595
1.161616202479926,1.149568533883792,1.3340521201294966,0.10395057313909928
0.4428970105064014,0.415898229877262,1.0856762051803277,0.18218035942976907
3.4530915544329814,0.054739558993728066,1.739711424017863,1.937249044392491
0.35358224401539606,0.8205559157351676,0.6549997791495803,0.2710884300922245
0.3405616790556044,0.8279679595282745,0.254132621489908,1.2348874720783871
0.16376055980850868,1.9489624357165576,0.26453380573470553,0.36127020488905837
3.4510474707395886,0.9643236304088354,1.520699822392632,1.5361577362885228
0.5669837188881216,0.030350181550907074,0.6057968856595342,0.9267373729339086
2.0128393854470925,0.13208178581931018,1.4066741578380337,1.338022835313609
0.5990341963102885,1.1834429452061894,0.6909581116843206,0.458106915614215
1.151336012173331,1.8656539712793985,0.5351367249555059,1.6522901175677134
0.5690048580506554,1.2940072197866697,0.2908863856670312,1.767902330666335
1.534851990849201,1.031421598689035,1.4827210683114922,0.27050368712965445
0.02398342370111326,1.6686436641779372,0.07976730521069841,0.23411573858954982
1.0365936508948743,1.746116936513101,1.046204627220108,0.0774156739326548
1.382090651514722,0.9525369562653128,1.3847815735874067,0.3385289769167743
0.061773648935656955,0.06444818390354867,0.12634378450396744,0.4848617127600692
0.0395457186360031,0.8099800347996826,0.22541364934813068,0.08414594248547314
6.215435112586361,1.8705258172075954,1.8531308988037283,1.6208537949792279
0.7640158657747282,1.1746364467810233,0.3766861568660138,1.807021111323357
1.4816572865449311,0.135078429866629,1.9346845294727022,0.6351721434343707
3.0071046133909833,1.2805307510598656,1.393725942151659,1.2652466272980187
3.0712536251634504,1.4262208534631955,1.6575012981586206,0.6709604543305161
0.32703780602098553,1.5293796326426374,0.3353893536817274,0.7186301249622047
0.3327479682250941,1.459135199283288,0.17600956329124706,1.7620998567613375
0.07053039413687334,0.34973552293195875,0.08252776238116777,0.8401948297999666
0.1745811736524998,0.08953783161025641,0.6812131586053685,0.22578262781717506
1.4847470893417665,0.14214640804722434,0.8760829757299549,1.6324902153144087
1.0628430660555392,0.26223968383776364,1.7322312965853692,0.38643889934765085
2.0975743217163076,1.9418506493539684,0.8749855035476601,1.5477219285552488
0.5007385063909207,1.854359727362645,0.26355294341884505,1.6555931594914177
0.16862779705051212,0.2811412922500325,0.7854633307206527,0.10427267838570442
0.09287801927332816,1.7739792607270293,0.18545863083761072,0.33630193443206147
1.2225680294486188,1.308563771511816,0.7257732238307957,1.2096439067199911
0.33343597396057495,0.74921080038331,0.7899857444921343,0.12614554353694407
1.8475465717602173,1.4394418521078336,0.8579180556643238,1.5360617800759568
0.15272402769589444,1.7257415381841983,0.3887362913628982,0.05744390655942766
1.234036859058338,0.4730917598467266,1.8042576333249432,0.2571685214619266
1.4013216052750281,1.6975225910327618,0.6357515760587205,1.6645954934224534
0.8554648641203871,0.47994237667484096,0.6913027049638794,1.0715751069750605
0.6910814510827131,0.0688617488887533,0.5429338716422254,1.2541711804429665
1.621565137229379,0.08391162820084652,1.0404009218913728,1.5149455379182974
4.491241334640645,1.6028019164456295,1.9766995259110038,0.6879621726519818
0.7524296582442442,0.7031428059955283,0.6707824850172202,0.8858913586958495
1.2400927269363478,1.23512181847169,1.1589868704391757,0.35423497593432063
2.7160528524403,1.4205413812286578,1.7299635770943407,0.3412633768702573
2.2528445033526787,0.039713243878398474,1.7101653185670391,1.2833674639777284
0.24961552913919535,0.515100980962879,0.32466870533920056,0.6852129200394188
0.019654830823262467,0.877102121139486,0.012288283985924853,1.5940882219258596
2.520176123856408,1.090046176283821,1.3513298773719726,1.1284539843928307
0.05577339690215192,1.2179542787964845,0.02796829854589511,1.977132760790528
0.8665389988692993,1.174435436409037,0.4482140473562197,1.67011589903435
1.9594183913763303,0.6584559909535825,1.584995151442286,0.7144051195438061
1.6375907915407375,0.4475911852766148,1.9202259252664138,0.4230734218215544
0.20785976539963935,0.9917916903598252,0.3078303303109542,0.5225895603479056
0.9314088827694866,0.14583200812690444,1.111372886119214,0.7570336772804123
1.9908333426957665,1.5570808918106516,0.9221780524439576,1.4408854351909839
0.2432638426467022,0.049088784540841424,0.4624089621011611,0.5147298818286603
0.7792098092230211,0.016797991286654712,0.8202320597636148,0.9430978933571728
3.4723411994763644,1.8463593966975385,1.7048442217114559,0.46287226782770197
1.3524321476224868,0.01199579289137942,1.9819098289546575,0.6705010447391326
1.6419197353585422,0.19702303041114533,1.5785162258859469,0.8846644985587244
1.5666931511191096,1.6651969382115879,0.761338648962375,1.4239243706907272
0.9972093014544768,0.049272668993166624,0.7100016514369902,1.3870250378549653
1.5780631067440563,1.7166988863970556,0.8424238827554988,1.1501471075795962
4.834327527780122,1.7605110388681544,1.8801247243216561,0.9162900611052363
0.022281271920760317,0.1373092827620943,0.03462013506423811,0.6412160322760017
2.070125215955702,1.2201048766354663,1.184603773750924,1.0248550067254285
0.500949353202751,1.7536173864059885,0.28951291668040846,1.4764703583461332
0.5967228518951151,1.6573727662519795,0.7466407677857059,0.18047907498319393
0.2472587052285035,1.0117938969345974,0.1280064374446308,1.8668534228695841
0.08614724421337427,1.1389575864131412,0.29792383591333693,0.11949730995089691
0.6213904440447643,0.13805672015823167,0.3385558537279505,1.812044902177762
1.275758624736915,0.2127704011416831,0.8948201205013253,1.3305195570535253
1.8755429188547037,0.8184127641063574,1.0045467542887938,1.4559869406762462
0.22933674493990375,0.7689217832037647,0.3441808185767399,0.5340022750350639
0.6623135231519575,0.3546056059162659,0.6164417471408943,0.9651169554452588
0.5903951869837811,0.11910664764886802,1.259434391738631,0.39377453687803676
0.5864031265274976,1.4156412162231748,0.5584168704636145,0.6548581704317633
0.7805176459186456,1.4095350013640306,0.8505880878081877,0.31815434052717495
2.11193001124942,1.2586599719010187,0.8788077777706385,1.8501161992877881
1.3316558788999473,1.6382668934875566,0.7139759266836323,1.2802855793139163
4.287484706833091,1.476845033651633,1.4301049861524462,1.941999225155944
0.2541929150794328,0.0851631606911809,0.49209847512907934,0.4955945470116794
0.15602123103597332,1.4109232537330458,0.090033273485149,1.6694135411177649
3.55772915879258,0.941586711792114,1.8682717100488841,1.0247190342724544
0.867682266788459,0.19779341828371444,0.5259609535485328,1.5976927135686472
0.5681136629413628,1.611331571169105,0.2856055527315524,1.7590522018659067
1.7386534857723621,1.8285038817358616,0.9998403283918582,0.8248251829142395
0.42384607724965495,1.287142217152671,0.40074717457080067,0.799730286210705
2.1171679685619322,0.8746227934020636,1.2284629958786721,1.1862074933116304
5.442222661581505,1.1062408678336089,1.9028800215210848,1.8074707144482973
0.33964034270668575,0.003087525142352332,0.27700950974363003,1.2256686910470742
2.6963022161424797,1.5612613170523424,1.0834058604666408,1.6429879074042721
3.3240437051780796,1.219912183314419,1.9068195122765796,0.5801636437529349
3.0428875680188887,0.7520337874515808,1.6536159878355903,1.218354051857589
1.1718690001780208,0.8829999398207868,1.2400431134418357,0.39754379062543665
1.9214102647084128,1.8495346886438624,0.8879072418270868,1.3428687194128772
0.05457063251279343,1.1453184979178221,0.1630461932577587,0.24132439551200302
6.767979709550996,1.9947606945006218,1.9999274475572788,1.3894242854738166
1.6080066671737296,0.8030215779333088,0.7477596881963544,1.8501988260096942
0.6305704079921323,1.3280253607876356,0.48971768354546974,0.9624415021432826
0.12569120736587513,0.22179092387075205,0.06988711783437451,1.7907387599342337
4.010236659018936,1.8303219756182432,1.7842022760344995,0.614803341912745
0.9452399021321405,1.3185037178528096,0.5968392596740888,1.1902754452158806
2.9953002416458157,1.2312445138466745,1.968738023303894,0.3094326552446398
2.56182089036301,1.6313941416728286,1.6629389304794302,0.18408375156773782
3.119780875844748,0.032878116231442656,1.775579805773445,1.727860226941612
5.094785590817937,1.7007331340335248,1.7975413809458498,1.3057387257182964
0.5486681441337888,1.0907586579971635,0.6575104819300774,0.4758703363065757
1.8297352289115323,0.35346748452053944,1.743569315886895,0.7412717343149062
2.5786734568911847,0.6123678180186427,1.5191690575584382,1.2322785099232534
0.736118062710462,1.745047332589025,0.43858234994544687,1.2957298183212935
1.787183966922553,0.46838064226272924,0.94600588951173,1.667643626120134
0.10045869857499598,0.41005372032439724,0.19703264905540996,0.4694611475515944
3.2423548270698355,1.2569350819519733,1.193947545019729,1.965302083238387
0.2089799324927991,1.599954825913992,0.3526333315825414,0.31052801353687
0.6857877654174866,1.9101505132994745,0.7219839164518551,0.26031673570934766
1.2948448784610125,1.6182357361482165,0.5456931703040586,1.9313141133474383
0.16981561169880754,1.166848540417253,0.1848443280608998,0.8108526126608433
0.9258869146146,0.16956689113890366,1.798648375698474,0.3622725532121269
0.04163653856449349,0.6025574762601396,0.10133094737134507,0.38036770860908664
0.003922752259331924,0.2550458013089141,0.017210774425741038,0.22572944763419156
3.144910748650786,0.4787500656734802,1.4608289029384667,1.8031402420754505
0.6881246262356815,1.748085445572441,0.657027859506794,0.4730590299749897
1.0915029590861098,1.0845811159825278,0.7569092113383542,1.031587964551152
0.8296643850170127,0.7777332258061715,0.8276042363587179,0.6806616358476585
0.9120372392739671,0.9142197934312497,0.8044692604132044,0.765982115399962
3.0340321375426944,1.7624284124136826,1.3161794547085197,1.1453451686616616
1.6708399012720876,0.5167558664119731,0.8560809140729075,1.7305388663450214
0.5738081391003448,1.1599056496485083,0.3465566014745787,1.4547549967557203
1.2066449879247962,0.8079916320121119,1.4608046707015219,0.23585494197063728
3.450029289110568,1.0673221844632919,1.5271892618370133,1.4440697175196242
2.8356565762084296,0.845731939975912,1.1952646700394165,1.866972175320294
5.068339545686082,1.0956776778840693,1.9879419860204846,1.460469143685499
0.11448905450718105,1.7271825532855085,0.05596857012951917,1.9972615187202303
1.1556180248837467,1.7005216689376854,0.6506196478856576,1.2229842388106527
1.7862917404289278,1.0544091744153297,0.882226159470916,1.5596412230554606
0.9687385795851229,0.9257846423461362,0.5027003868246063,1.6943733441202355
1.0506716640346565,0.7357245868772557,1.3560471886940484,0.27596601865983716
1.6890574380464782,1.8625941847248273,0.8056188952082108,1.346325570636469
0.46972635371970217,1.13733322412554,0.8384596307442391,0.08342136868347638
5.5586964200969184,1.2380084382326364,1.9912682550987582,1.5589322475524772
4.207645509559011,0.6832371209267716,1.8626772706966894,1.6225983989480854
4.084285366370352,1.3319764501338136,1.7454196044110657,1.177573096354105
2.3053031064298226,0.8971680375088289,1.7867045205986807,0.4887671587521112
3.1824546984283915,1.3942987971681267,1.6283459286609023,0.8192090820874391
0.013960919220808624,1.9080287281186648,0.011430168530314422,1.2105051992414704
0.01576077946321396,0.9969869740979227,0.01309255319760827,1.197270692037549
0.7614081880502738,0.9235149923374806,0.6002949002530891,0.9911995623124674
3.142736899085425,1.739275976913741,1.1713182818595058,1.6644539183600566
3.240197871218517,1.0968662153741833,1.5571260960092164,1.2269039130118693
3.49828952273128,1.1327381828080032,1.468539454262626,1.5504202694326024
5.496729785963873,1.578411379391452,1.973091211527061,1.22867196333269
0.2273306369497809,0.9527726284270299,0.31656907850625227,0.5672983468921287
0.10982759720715184,1.5544408390583428,0.3076245305042835,0.11792626678806006
0.1822669710567286,1.3284769253788349,0.15824500303013522,1.046689962102013
0.27544438402096416,0.6136608940704524,0.8928137791594957,0.034570242766074566
0.13541017647487652,0.53558793122443,0.5870536828006314,0.07345120333543176
3.731627248026152,0.6675991145891906,1.6080791558500311,1.78377336913506
5.636741226485874,1.9282024150860735,1.6207064670421987,1.9154281276710037
2.607207170333007,0.6230066387401503,1.182331009856036,1.8368414605601215
0.07580146065125899,0.4514853627867361,0.10130091246270245,0.7254121973480898
1.5975865857933194,1.8892425913766815,0.8245114031209739,1.158765090052589
0.780773868012604,1.1929693305878397,0.37352030225276267,1.867512594372507
0.153259446034344,1.9645670605733627,0.2682762807196539,0.30775130644606374
3.152129549577177,1.3550729494936735,1.6414562749168158,0.8081785193724595
0.8828684231682418,1.5471694704642582,0.43457408270261255,1.6953918582616807
0.49849557117891846,0.8191994390242188,1.0593992397419907,0.036615893295404156
0.3207184161873441,1.6086703801250384,0.29731922570129155,0.8395562471960809
1.1109824373846728,0.5942917009443958,0.6784351405483862,1.4359719871268628
5.74971660249113,1.1038045510770718,1.9956143626279832,1.7797920904190032
0.5738893768810077,1.7671285923088753,0.3369365741285282,1.4055512748196624
1.0121421541113778,1.7266298955207544,0.8442173078895545,0.4700864522850219
0.8907820021034246,0.05312050187398909,1.127501326859676,0.7601029082733166
0.1132813687862464,0.18248704985969977,0.7236701941534889,0.09050706747536252
1.5308271543600351,0.7108279506325632,0.6849030265895466,1.9916764760973378
2.425404439864604,0.2622882236767927,1.8884091437069748,1.0367101109495735
2.141954711462893,0.8022128173210499,0.9544907506999234,1.861228803330169
2.6776435495672075,1.619164037194095,1.0306722938995339,1.7635444555502406
1.3060481725076487,0.9288414043637301,1.5253355641412343,0.14783920932087202
0.570125169497979,0.4011439549153486,0.9409987157479782,0.41713444719140846
0.6921523426250944,0.7084828972425772,0.3550792003982337,1.8235062524334409
1.4383482696343428,0.356591772639272,0.8670418380865605,1.5043244981512456
0.008631631269414665,0.16533703477092976,0.10094113140555039,0.07716688308976227
0.8612081854167382,1.2076573269915727,0.9305572129658148,0.3635786864109125
2.685607118232308,1.4203065517271312,1.0380594012422997,1.8499607568816976
2.245926495954965,1.942371464649298,1.0582632897764528,1.0945055220324147
0.013523149149230121,0.9455534970578949,0.012875957033777086,1.0441761594413588
0.14004673793334876,1.3084681682277766,0.30441781617666464,0.26088726033381016
1.05117741679146,1.9647229018499914,0.9082977474194376,0.26502818830522945
0.02416878880962371,0.1357445565642772,0.12055784249313595,0.19229209408588988
4.258922962719709,1.259213008445328,1.6386847498250385,1.5672620102821495
0.2955239455672382,1.943996621531363,0.15427080552432182,1.7656671259832832
2.4809940792732075,1.858146177088936,1.260866258299166,0.7962532113005258
1.2064812296378205,1.371606468581021,0.9778521932686228,0.5631931597119448
3.0494904429310408,0.9914634257827348,1.3533999084896304,1.582283963345533
0.5404345413304228,1.4923916731426592,0.43766706190233085,0.9082220938648973
0.8612721973016769,1.8452869718084155,0.8165246538749924,0.3014412871128982
0.3101714023091427,0.7637801533703781,0.2619657027018498,1.083973206237575
1.5212591206115715,0.6465175388081199,1.888740316840641,0.19488395726368202
3.175569087962499,1.7140696432098645,1.8947745192493528,0.0520737275772718
0.1114107206274027,1.65875276112692,0.23578736404865186,0.27694858106924025
1.3183616385963275,0.9555508283545726,1.1389422715183084,0.6133729570531392
0.21669984639277182,1.8736704167623677,0.11321415740198315,1.8080072044329938
2.4978031281051205,1.308156357913044,1.4444708346725,0.784419873296387
4.616537094296005,1.422015210571388,1.9473495895401076,0.9860967402519183
1.318666830583054,0.2317061179614519,0.6528829689139659,1.9441213964630308
0.29236120667027254,0.37489938368123665,0.5488565516371802,0.4297902649549945
3.7144080957617174,1.8897786320261833,1.5217079775420843,1.0031011093913913
0.9496414234368881,0.6948084488750601,1.324167193003206,0.2571399914844743
0.7978915078628633,0.7825666325004199,1.3625925390482356,0.05240894777569749
0.9764663879881406,1.0562542181422734,1.0011993926922882,0.446536083477733
0.0034204594363039026,0.8931269641657018,0.0033793639137060794,1.0106516266638568
0.09944329966593023,1.6454798119250407,0.16203769278650793,0.48038986106143566
0.0033478298723814007,0.45008346913738784,0.019380553330914374,0.16838027404306333
2.758485722328939,1.4295344372198084,1.6519291978521524,0.4891122755906214
0.1872421720154845,0.8535083903841765,0.12767367860977474,1.412083039441422
2.524923593860687,0.3868686699927488,1.4363071570151629,1.4800962020648571
3.5346056399193624,1.0317879542681094,1.9134597476410202,0.8600904577392603
0.0643415990270032,1.0146519299575865,0.04607351014651795,1.3731244554779658
0.07308015897611292,1.344845724494511,0.2763505239185735,0.07862292255196102
1.3664599733993763,1.7085516932018479,0.8635530425444582,0.8446569671448878
0.03831172116300976,0.11339001527201442,0.17689822133385524,0.20654569111627863
0.8120623713175967,1.349314343777829,0.9706313947731309,0.18178968736830403
2.354647732632412,1.5529270618301947,1.664424612897517,0.1223267166603319
0.8045764679144334,0.7542793969058135,0.6448357234546647,1.0045300118209881
0.5669763637597286,0.9347240109077031,0.8999307103685465,0.20942882039784894
0.6824318565109041,0.04354452391652064,0.7475016203599301,0.8966755363022951
3.365657876655738,1.5517624477119158,1.7862296163763218,0.49832263079258965
2.1263597047208913,0.6302759505049464,1.463089022793427,0.9922609214441869
0.06292502368070266,1.165039994198243,0.10085170042507907,0.565188037557588
1.0913941727384453,0.2521081721710319,0.586671945876674,1.7863618399661534
1.9910636154365688,1.301742841567144,0.9025461611300767,1.6186103333402166
0.5241537110565749,0.546763580708169,0.565925727019152,0.7714743772864827
2.1259865179581463,1.8643308654497892,0.8432162468846647,1.7352656413853265
0.21402673310290155,0.058378838979210146,0.8903488545610958,0.21439648504109665
0.683976083126336,0.47647268710401103,0.39251829236813784,1.6490208914424358
2.14547578561462,0.055774415073723826,1.7929711731635982,1.1466026547915287
2.7844630142565245,0.8410248659339796,1.611286221578112,1.050533673062573
0.3190686206598945,1.3172924652336173,0.5722851860650717,0.18060081829749497
2.813875539430902,1.6148285765399342,1.6445306179502872,0.38323334843512513
2.556254924595495,1.6649292313360922,1.2766060405983943,0.939654184492487
1.220184240347855,0.21780555981323535,1.160706066531383,0.9248389799248753
3.114121315511662,0.9299655498795336,1.7727036657800863,0.9324305429584772
0.48879863734241397,0.07745777728894931,0.39200933737709476,1.2317235122767647
1.8130167985143593,0.21646163717627398,1.1292625609582692,1.4832663758785198
0.39958779298720043,0.6972821839122296,0.366964052270782,0.9609629865270044
2.9916170271862486,1.2432528509063168,1.2878528644625156,1.5223860183432518
0.9437159609689025,0.9847704105707715,0.5733021107791889,1.3638203770249668
1.4109868024990844,1.5364227288297523,1.0199397124803733,0.5998728830153468
1.2630514947437872,0.48928986295015453,1.093761505026319,0.8871945826338177
1.0177619183121691,0.20773382487561975,1.6200289257173772,0.45996947774043795
4.041116439105544,1.133082657049756,1.5835288154786025,1.6548344756887947
7.37335571349189,1.9304489498836797,1.9498674895134984,1.8994052004650621
1.7469375083999064,0.1850722568064187,1.103573832817033,1.4808615459171999
1.9779200950831715,1.4917154570430704,1.1285948896343554,0.9107797726922835
0.6504995457026368,1.9919056819763161,0.3113259998011042,1.779382172550052
1.7485735726082599,0.8229514221524568,1.6074987983477291,0.4263137117373912
0.5083594981454054,1.2458626793205303,0.5888795684679156,0.496434102515972
1.584811372933235,0.03776446357238927,1.5993618839974622,0.9607027804146249
2.7100791582098642,1.3671357891980924,1.468030581793581,0.84256593706314
1.350315949921722,0.7343953968818491,1.3864066745735908,0.4648828142776318
4.009904997484453,1.4534103163659702,1.5701011291163696,1.412914520351327
0.04807667168653046,0.4788774790678989,0.06348302070495992,0.7421151444194249
0.6594494688430487,0.17597738108640137,1.1637574668382007,0.4642579181048465
4.603359619989271,1.5054807462795643,1.6250319647529916,1.6095537991618472
0.5354563816612125,1.561237999672643,0.5888867774778697,0.44957260661870224
1.148083433848395,1.6979637527886402,0.5796983038691361,1.488331022655811
1.1803588041260578,1.1346687571404346,0.6645063558360751,1.399296927232418
0.31910527404442274,0.10760445155189946,0.1838709488125876,1.7255923361153094
1.6015021511780612,1.7393063034365894,1.2599407665179567,0.17538174971674736
3.4424543781880064,0.08249512089815281,1.7318076487469314,1.9163481814690446
0.5199436000030596,1.5037242038321583,0.45473615440436976,0.80149733904382
0.9817824232603318,0.506573937476525,0.806150848833457,1.013676899415777
0.27865776723630475,0.11416805257749041,0.36912031650499144,0.7338530758105644
3.639349866185941,0.9483490712835563,1.4396745733019385,1.845240555192898
0.6750523685305706,1.4367635592483574,0.34024460236320286,1.7395952780879549
0.45525855050441744,1.9481116221686083,0.2586195115544492,1.5084312427828739
1.1748511967567585,0.07540568229617461,1.8333549115250238,0.5716976940999934
0.914429771312377,0.5494672598322445,1.6458157559306934,0.1034478960947236
0.46445704432012525,0.03298533840237483,0.29588656251416245,1.5648332456667928
0.44224229264505693,1.4993556912031416,0.6982432149759716,0.10990678443438062
0.13517754066659537,1.5786810498610835,0.15639644732027236,0.7408761056418254
0.30903596806378225,0.8104320475117253,0.22192488466491667,1.302597561978366
0.9288176310066169,0.4049503017919449,0.8725764144157029,0.8877791609555425
1.7306260782896887,0.19203018449719722,1.484296194699647,1.0234425277546837
4.956840319148838,1.987087304141045,1.6872328894403243,1.2615123548559355
0.05633137191154726,0.25204351564637495,0.5709466595822958,0.02671140629226998
0.9603168344352756,0.9686403463714939,0.6763112421053807,1.0923820934191444
0.0036568783265406948,0.12244890244830375,0.07207874816436077,0.0463215054043169
1.1783028577106731,0.5331820483429297,1.0147788813667815,0.8906115295924097
4.131405436155773,1.5955526288116801,1.947218517443702,0.5682510319833227
2.001759347162981,0.3951759861461823,1.1115727820840513,1.581201723292283
0.1102890505819748,1.6758509267746944,0.17523929057375653,0.4825251079628117
0.5001335467880024,0.8557231544643047,0.8685246285595947,0.20423435914251042
3.791540181508803,0.2980226249002178,1.8176274683302016,1.8151360456607473
0.035163867609898904,0.34706877008506276,0.02090716111828561,1.678277309046528
1.4578811921192125,1.6979713511352181,0.6205092736571616,1.8226878990592377
5.8248158748002306,1.7344572570638166,1.7998022328836805,1.675524378644906
0.843566466738906,1.6860162568546084,0.5072856929216385,1.2352561821398451
4.931033313395284,1.2210802936322636,1.9683539277458006,1.3033967318339492
1.4325171266913868,1.1046546203881897,1.3089303237809193,0.37146020280496606
3.3053977327174007,0.19187326927001136,1.9619527417013731,1.4965257613802823
0.7989490514326336,0.5815194498466867,1.0492368204372648,0.45638150508436914
2.102794843033157,1.8639143237664706,1.00747832182806,1.148259555497302
3.3323564424160774,0.8595460500400156,1.9794892316580195,0.8327114964244617
1.6052027790178045,1.8147366574116204,1.255754606549588,0.13884547763925958
1.7693398972127294,0.30921167026926244,1.1008062860427577,1.4371216006756746
0.2914670390252053,0.00909293280246648,0.2708138039534187,1.0750323521180378
0.0036223914953161305,1.0710290710057875,0.03318560376855628,0.09138413655038025
0.5714085745957216,1.68602089444857,0.3079587316150445,1.5958588280962491
0.6925282981550206,0.796986774495513,0.6071886277664242,0.8985882085893759
0.06712838074413548,1.2351082301246332,0.04107035386252944,1.6091097427895185
0.5498480887600883,0.800256779771646,0.4683440228919953,0.9866283220003813
0.5476360440021094,0.6669764183632434,1.0037622378165039,0.21084055825843007
0.7490768347773391,0.3029382477997684,1.281615675271139,0.39035331780589844
0.20274532557336727,1.8294890945409936,0.1147829094774575,1.661340182427765
0.4104010297043862,1.7354133509802219,0.3180085555788914,1.0145964082857257
0.12178927705183643,0.22623550079916144,0.25660274141967276,0.44559556101353737
3.9097899632945907,0.9018441729982032,1.7796739500542564,1.3944193422239182
1.4978587275795125,1.2452475207577713,0.7805803073231139,1.4328962223615966
2.4307649648394376,1.5201624484941998,1.001718478446934,1.6652075063317782
1.998995945969855,1.0877051222158205,1.1198872328281846,1.1759439916075205
0.009624455753372676,1.978203716358672,0.05030851272094283,0.14154844835219094
0.86687537739299,0.2740715215989511,1.6352303389871878,0.3060392900189146
0.44519913790066823,0.5069248915553977,0.7184833950307024,0.43752877889736896
0.8191732824620025,0.9601247927343579,1.1267669391377226,0.1860937374479743
1.1958084273838252,0.3948355808263675,1.027813117658902,0.9605406811403128
0.9869515967538065,0.020967488147102475,0.5540405088247378,1.7755624033290216
1.5452556584372996,0.8324339924100681,0.7477969350147624,1.755165000207858
4.014828353522565,1.096224761980346,1.5215418503748133,1.804681927510612
3.6613667203261473,0.9308816061670722,1.8414026512637556,1.1312935430464373
0.04615044325030898,0.2806612372491717,0.05711607108815819,0.799996383503349
3.5407602721571267,0.910782739991256,1.6541954492810502,1.3871664119434353
3.031068801850642,1.3117660544835426,1.2759606912488217,1.5386379894439577
0.0006322454588796653,0.6013908896800286,0.0004544998283435575,1.3909429768046053
0.34253215331170245,1.0472950480389003,0.18177484354618434,1.7891900572613222
5.5667688192090115,1.4113763749344759,1.9274117345010509,1.5280577740003303
1.0393355335290984,0.5037006564607605,0.6892157169536639,1.3344182307557355
0.05530386843082364,0.9418333845554545,0.29861003016958265,0.044583875151702035
3.0292123986735726,0.41131415981318487,1.519422111859599,1.6811809482519717
3.1646918772370203,0.35232809033351886,1.5497086647114586,1.769117581188256
0.14563464220417935,0.4043768908600138,0.186127908059615,0.7448109657149236
0.4360080153076675,0.6904674854495993,0.34731142154626693,1.1354769623279286
0.09757114387344298,1.5514808613503008,0.31390398785541196,0.06732315546370149
0.023242358672174872,0.6402467110065344,0.021917028054645016,1.0534542093042307
3.0132462771802087,1.7630276662355535,1.259453130330699,1.282278345742608
0.08171499423468283,1.3903805956963027,0.04537583102989684,1.7693035961375505
2.1196819490485903,0.5261559422178017,1.502788209910174,1.0151489803928504
0.38196737849291956,1.2174513851393192,0.2483820275707902,1.386625607441064
0.1695487409052695,0.8081629948756848,0.15557246349465448,1.0269737788176263
1.7833069152153471,0.1979326210436585,1.614132580819835,0.9450634562851026
1.108242993219154,1.0719673867048525,1.1346836961018467,0.36852577439267176
3.4250011120088484,1.5718220715002802,1.1735661282552707,1.9961374316938647
0.11203667319828158,0.08535770815579946,0.10545919676851878,1.057868992680846
1.8329357399782382,0.16450683418856693,1.2067589244914267,1.419631344654791
0.3726648064940819,0.3946049602257302,0.23227678653031414,1.5585709133761265
0.9272099697353995,0.6176992858268373,0.911757827955155,0.7353515585972279
0.8411033978067506,0.3608949707899507,1.5266153419015387,0.2754857132789641
0.710738388792733,0.029805069684424756,1.0017217515383936,0.694588583885587
0.8954250160188377,1.0092625615085913,0.6754744602780094,0.984758250860555
0.3234495803618034,0.40477999608941473,0.7005912351717518,0.3198882246911747
2.4810639640568577,0.8923512299427432,1.122033042875681,1.7105980521290243
6.429793737181656,1.7531295860727616,1.822361245695609,1.930858451327725
0.5812582378549853,1.4527517178123284,0.4046226118930778,1.1426360324436788
1.982557640442709,0.913443794631317,1.1678546592214378,1.1642216870345086
0.12693721953535492,0.01190104524543667,0.13549656834680213,0.9360234988501064
4.581997102119456,1.845897715932496,1.580455485193148,1.4404828051138403
0.3556545905945946,1.4381849329442864,0.25186206770007646,1.2309885388345827
0.6264850180209005,1.5704280790902865,0.7734368049696807,0.20268812130512526
0.5021791285846507,1.4847933536665583,0.8058757425596756,0.02486762262399611
1.8444715422301607,0.9204469719543928,1.8563653400245042,0.1392500369192642
3.665129606600396,0.24660899984125018,1.8198617422920225,1.7895633261610648
0.5651805127496942,1.8639775717773406,0.4101200453766345,0.9958582776932803
1.129390690771571,0.32174238578663306,0.7200081132142029,1.4527519422425996
4.15772053172669,0.6377577915493737,1.6705497062096213,1.9561307294045287
0.7833905878550345,1.1322887923743215,0.9454223718143324,0.2933688184520966
0.30387872217240536,0.17303425286718377,0.19948883634052694,1.506027654403121
3.205239109656599,0.6310127173943865,1.4845786001872754,1.6906288544013994
1.3493704214912836,1.6651407089627766,1.069093315142037,0.3720679696451885
1.2040911916653594,1.1661151895018194,0.5519060515934981,1.8599029243814764
0.04847365863724966,1.6365946954053008,0.11459079494355318,0.3292459488950923
0.39914797333877944,0.7330415213068058,0.8794122113682337,0.13155757541007373
1.8292996780604693,1.0247761194231477,1.575617758895987,0.35367700831178217
1.567399018160704,1.182018128538094,1.0416624350804653,0.8890772290074518
0.31761405175237123,1.9225282198427258,0.28601601023261836,0.8355395527020142
0.34979407415646163,1.3019861518053504,0.26005027442764606,1.1758108024872953
0.8951463532886615,0.5748656605832385,0.5094750110740636,1.6105577194326943
0.21411685940349112,0.5563833763032557,0.11241525406988306,1.8734227850828056
4.547638011808503,1.8163477086796027,1.6768131399529798,1.1892341749412887
2.0111933783742235,0.6881999886624031,1.5470026389545974,0.767734543937308
1.3120415315283362,0.8519283061008796,0.7558824661323464,1.4137956943734535
0.25381483305949126,0.35556272525909405,0.4883412585463698,0.4329309278909794
3.627683476140583,1.2629740385812516,1.4487807966221138,1.5890698075111485
0.6329733316535677,0.28995464762300927,1.5714370276616174,0.17497630868557668
0.7539024865554831,1.2802348247265112,0.5135138487927875,1.1394157802124831
3.4468386633376684,1.8362837315762734,1.7786863907548573,0.30476987838035074
0.13375614702489638,0.020107289469692757,0.2379700102726292,0.5596789768920698
0.12029407455374469,0.9152721493651923,0.24584422210570311,0.3768029707382905
0.030579110976529315,1.7926759537756696,0.015222948959829896,1.9951058976611984
1.8042850846848575,0.060335866643429714,1.6120081073941324,1.0706469688981
2.267559378610869,1.7028472802339134,1.2200010020215142,0.8199160077156817
1.0334342898573414,1.509581963975979,0.522794050685927,1.5821519651378533
3.6101551689570934,1.8955637371503407,1.5745794058975295,0.8004164718228848
2.0118390798877153,1.0512724154782978,1.316432764626549,0.8362858111793059
1.6223158760323462,0.7425378127295323,0.8150706313962102,1.6877887485779228
0.8307330700685837,1.169799185827263,0.9416521554506843,0.3314360432525927
1.7562662317590894,1.0776370430051985,1.0943164871117703,1.0152599080460232
1.7196758230174134,1.0893674735556684,1.2861617665995242,0.6365088916089607
2.712809632065265,1.1288506712957787,1.576382679236638,0.8311577204928742
1.6165381593187123,1.8412962773442694,0.6558613245562075,1.8609385296008087
0.005777166421184084,0.18616455814988409,0.021383503436971152,0.2681788872082489
1.8737599995596876,0.5233834507769866,1.2546740486731074,1.1650859148819117
1.70521281640602,0.40068132857987515,1.1098039758008338,1.3141602400336991
1.3895588061869608,0.7135353681317034,1.8864137740605558,0.06360253216279421
1.006144297514189,0.1349151845650387,0.9470540782810495,0.9985077239324516
0.782162173796165,0.15223523211186007,1.3842874620055794,0.45966005919799446
1.5217498313429578,1.0855814534676769,0.9947357344088625,0.989869789087598
1.1563548172929905,0.6159185257579203,1.602565934160605,0.228039557503932
1.9410466649840434,1.5382177004437405,1.1205620775613387,0.8703738511573296
0.2994078376339926,1.1971877373728752,0.16706777199242806,1.6921282748376534
0.19861912792052627,1.8259383827726317,0.3665113427329094,0.20730452880169614
0.3982804211631755,0.00814883371888353,0.2536476232661038,1.569178058145178
1.9998533821008837,1.3210402733519937,1.120956898835669,1.043644519190227
2.325890771823721,0.5032883032529085,1.5914922946514019,1.0609630098806142
0.03371959477303274,0.2746650108235795,0.1126085015818119,0.28397612530841077
2.200032300923275,0.21567904340850563,1.3275359155259208,1.5140691284063532
1.221106831717146,1.3882553149608636,0.9085098677562882,0.713454749037217
4.775429343130703,1.6346554817160048,1.536035434747347,1.8534873853490768
0.13159173399118965,1.2019130460302156,0.41407512850479145,0.06895560991693817
0.12851879498011048,0.08460197414766402,0.5859795373236398,0.1945354955549643
0.7237801988294998,0.12053324226083051,0.601833012951634,1.1663558399552991
3.5988099525529105,1.5015366011301814,1.448833140873542,1.39619880286883
0.13361551981892864,0.5739188379553686,0.22671754696925905,0.5242892068788569
0.07139082679573677,0.004353899854158794,0.13245612886775615,0.5386887993270681
0.075282485372833,0.9357249494961353,0.06762158766420057,1.0816531071049222
0.5735215494341601,0.45759679820428145,0.40955095392375274,1.3066621745640676
0.03816780892256892,0.598832197862226,0.03924381999373683,0.9608311565775467
2.6284292663281756,1.917996101940751,1.0425474265398442,1.5213594301582554
2.0617747552986,0.6591212508941575,1.6068528161439697,0.7535582143332751
1.640057002131134,1.4145057360450697,1.3741132074071987,0.2216929826903049
0.438224711243039,0.06106554713436663,0.5355054921844953,0.801987938743876
0.021378608213258325,1.3377434177562373,0.012244415347786752,1.7377985428368192
0.3111791353801797,0.5622208640612767,0.7516461477202541,0.202701273898779
4.08292400050405,0.9685482318668801,1.6114315821480056,1.7533500942096287
0.4668437988629463,0.4394326748650801,0.30444347926098225,1.4665421916529153
0.23933507018863517,1.6310225638369182,0.13104113175549625,1.7195462852593315
0.06007983136189863,0.13360648608675474,0.06322106332254718,0.9460901501195684
0.3953896393839309,0.4508875031771289,0.41123552700725674,0.8687571302120993
1.0102579272944099,1.6568178760890444,0.46581997788876706,1.7828838595898704
4.7120365560596245,1.9225999799395557,1.6286135713098682,1.3276947004942097
0.18073694748664298,1.7511071838278158,0.09191373889784105,1.8859003482216365
6.430554584900752,1.4986026456608248,1.9382116242706613,1.8654727945398695
0.28473709367571876,1.6686935239653604,0.1768231585025386,1.462761166307831
1.4372733801684596,0.22933415945655367,1.9228916432891567,0.526961802155862
0.23556730336996573,0.29117893610096046,0.39485534928962407,0.5391046140158646
0.323519087813203,0.391487247090899,0.16781026480400918,1.895038375416485
0.7295202090312725,0.00779329312341015,1.9394740328063098,0.3685858789309675
5.38904515596807,1.3730005677961885,1.855932192307574,1.629588471493463
2.5876751210292523,0.16138010637411715,1.9801577277112714,1.1470234939239785
2.796600823082697,0.49281030273711623,1.7330368664237912,1.1866703452957077
1.8817330940617691,0.3876223157704266,1.9517240298465401,0.5858730237446881
1.8489610798698415,1.3075040604445531,0.9928395001430381,1.2132252115694917
1.8921995820594588,0.6284017616789996,1.4157485629314501,0.8917070211962501
0.21971889341115955,0.8745676861365008,0.6021796226718492,0.1015492614525928
0.9433264707472719,0.35778683463976035,1.907022775814875,0.1535054364515933
6.5785241450013645,1.6716497208193128,1.87357387570208,1.9452372177559498
1.9649089021584638,0.06620723776490656,1.6463496747424227,1.1389941371744163
0.09975400520643293,1.1601080672209683,0.2950301359494032,0.1669812094399865
1.305289918181829,1.7183142173918313,0.9105745511336489,0.6511528639580773
1.2790278735445875,1.8362730391984459,0.675189993380624,1.2744063201215694
0.1597296177257485,1.74824633100018,0.3319013128380617,0.19113373387899224
1.6666357634077549,1.265499392213312,1.1802453439961569,0.6653097026780648
0.316570717923765,1.2815491264424943,0.32236025540636937,0.7754799116377271
2.783910418219463,0.45863942475672514,1.6330557127090206,1.3302328387390523
0.20263484560099831,0.1587440045442905,1.1512148961136426,0.08464403099615248
0.7868311091070748,0.29508427403538273,1.7140449941259868,0.20615541200971
0.23877581912052892,0.5865031137686807,0.21269750460360548,1.0602336501772895
3.8435496249976673,1.7375674929525367,1.732651041619466,0.7130066039796352
0.3887764342830394,0.8764545723888404,0.19625492251997168,1.8949724659809204
0.13230820454428743,0.6216951141361817,0.08319003956028337,1.564573824126737
3.888859698062065,1.7051612982194204,1.5910202963574418,1.0877821240810228
0.27614202190204135,0.2782159450467956,1.181257140752449,0.06944732479722249
0.3020118110704074,1.5138389472659166,0.31051915213819936,0.737564852692373
1.0630753674743911,0.48359744143273553,0.5656247267572359,1.7427038355397624
1.8734612138967317,1.776071558330315,0.7341887704871459,1.8997573185233776
3.388269067714068,0.7440907442423608,1.745517804966147,1.291713647650682
1.7568424121543869,1.4612008393155889,0.8653810811674265,1.3978895195846643
1.333624330365834,0.8077435763613032,0.8605367895300922,1.2022121147034341
2.0229022202982456,0.22815903473453192,1.297771011153803,1.410702185938698
0.6700760872137707,0.8458527698948164,0.7194581387140546,0.6270843318175436
2.263938700767225,0.06713003881994739,1.1366121002783494,1.9536801392144965
3.617547262141816,0.5645452985735318,1.9411784225395556,1.3156415032287936
4.360506003937314,1.890990014720377,1.554171984481469,1.3362160572809108
2.1644278094936884,1.680505971431543,0.9010403718638222,1.6450411234221296
5.408703929517354,1.4041156490512738,1.8603650490210784,1.6012508973219477
4.229145519577062,0.7717677436279309,1.917890162959496,1.4650202055725037
0.4676102356305114,0.4106682733899274,0.25704938979004543,1.7663644656819883
2.406030527141188,1.4218061445423693,1.3916471222034799,0.7395822770899125
1.486505043936247,0.16761784993879814,1.1565483895920328,1.1883652151146888
0.22253065683128137,0.8417344562954603,0.35394653518939934,0.47974813229392166
0.5225046756819025,1.7912039735412413,0.2550567225102476,1.8201529473020548
2.0870645210065573,0.31512146268500874,1.2577584404713897,1.4611790874504795
6.926762659801469,1.5594955187143427,1.9781928465838634,1.9590694277164293
2.5852269008997193,0.8394650955120349,1.6098965565418268,0.9301081868478374
2.2817007370964784,1.620300338549318,1.5127900599279942,0.28268609834303327
0.323935664812925,0.7151017059184817,0.16232309505196962,1.9375840103282067
0.6321768894115729,0.04526495190467106,1.3834560131885947,0.425643782106363
1.5318542739490555,1.3464363227698466,1.4524934080085572,0.07679273562202371
1.6285787291697034,1.5022825093984495,0.7173745893815651,1.731343292264825
6.508740163601104,1.7591295163416725,1.9084330058925136,1.7319249884263097
2.442178892914125,1.3275420684355266,1.4241142435935674,0.7695899034335678
0.6458689971513635,1.489064118584552,0.35860826522145217,1.534047904500379
0.3269011860757105,0.0046038899949853995,0.3130949059000019,1.0433754235170583
3.7115861149278704,0.8823378108051716,1.5171422521813394,1.7771165146283958
1.950243653756397,1.7699830743031735,1.0586306391612081,0.9053532345510975
2.1403530334051304,0.12239924567260396,1.3678257115292634,1.4810744927098618
1.8300391115009995,0.0207916004360027,1.3451934912833559,1.346443801157753
5.215499020450887,1.6615492379319032,1.579849592178344,1.9887640673060254
1.3149436604265674,1.723123213700981,1.134110968233032,0.18234238409884163
0.6827960375168353,0.6612145954528994,0.3378263556881105,1.909457105478741
0.43165449735163286,0.9944662430771971,0.20739660731377096,1.9781752412541438
1.4286467980858482,1.1138834531797521,1.231067381549409,0.47486160353949103
1.4664374857381568,0.9376955468025587,0.9367517978610971,1.1262553475131127
0.37117497516943887,0.3550738888748306,0.8233200102460769,0.30465738421823385
3.2856187241274633,0.9777110930002755,1.4992691420222375,1.4585542208633504
1.5237253620280473,1.4512524713375,0.8499367719584827,1.1760150080659009
0.2038986883156335,1.1294935751612576,0.2741421085681579,0.5889491694424764
2.4353258979295713,1.2864702104470613,1.2679898405688308,1.1050038302571452
1.4139821785711804,0.5342440943588658,0.7800423102962886,1.6043328380142057
1.9618256656167445,0.20317571127693745,1.799271787083683,0.907560097656188
1.2899308501376954,1.34328682831964,0.7880458207452143,1.1075871172340483
2.194716994657214,0.011929402018483914,1.6858174339042526,1.291815701615745
0.1446806989666558,1.5127505016497182,0.2297131838434736,0.4560825674803315
0.13845561568047007,0.8226808739165292,0.43707572355281243,0.13699026209556409
0.46658838924967644,0.7088767054523735,0.9375044754241291,0.1654043640490428
0.5410862960062178,1.8254133816453384,0.27165711614515176,1.743855451709536
3.8572930043843145,1.4296727377787577,1.56732851783622,1.3406787952454047
2.5733349786196467,0.7813475669821683,1.2683828769663887,1.5333074393673427
0.4090536748763595,1.4135148652379228,0.4434192910742234,0.6091087194714686
4.221699076863397,1.2119957111137525,1.5674444049286005,1.7434965269668208
0.3308389777803996,1.0913037246709538,0.17187559709795908,1.8310903985596245
1.6458192208265205,1.118663476092392,1.2253229801052035,0.6578097254787441
1.6390623127099841,0.4903330587058805,1.665208964433132,0.5760447734456648
1.5593239434692476,0.7786003176320391,1.2052163539174974,0.8246215484633945
2.623882456358772,1.7518540137923926,1.0657058198767664,1.5286271452711147
4.301199498704812,1.6799373758933123,1.703435939104742,1.0941810930849503
1.3607760484716735,0.017630551434463904,1.0894833828151937,1.2394062785410258
1.8835594845187709,0.4251920165005447,1.8247400165080765,0.6443019938930057
1.105397674335142,1.786723763837536,0.5232921940897659,1.6449016112028183
0.6075537720641693,0.41376782162083203,0.5233013290141932,1.0527391499394312
0.0067134900002765365,0.8347715141329786,0.034858041435643417,0.17804590805461618
6.672305322464893,1.8989771613899218,1.9745597763645122,1.5043136849198246
0.7716031965856154,0.41675558182750794,1.2805287363047968,0.33573234292771725
0.039985371431813355,0.9056924556268382,0.2874403399207932,0.008942146001630125
1.49338896169747,1.220909373594591,0.6295624695546593,1.9877867197128007
0.2210389748909808,0.20535380084531907,1.043160425901931,0.1047850794784233
1.3428362034384766,1.119523382894574,0.6571686657310365,1.6755083016046501
0.21233747175429646,1.7898401510777184,0.11222713092350456,1.7915990132104471
1.0174937557203192,1.809855588052527,0.9045169468326901,0.30638039579171594
3.8994383349706117,0.9494081348120724,1.472922443569564,1.9482136511329444
2.6703061058263042,1.7162225896753158,1.051364319661787,1.6376609171275551
3.632088296700223,0.3767665953966921,1.6771136540161884,1.8497378902894528
2.613817018867844,0.11757624151253321,1.4126383158227083,1.7672623857275194
1.0785519739080125,1.991602254737555,0.675458337629188,0.9241483649867615
4.966384485875594,1.4068453882391805,1.6218373895740748,1.9213590939300615
3.7999670530409246,0.9904277580643401,1.4298617263778315,1.9494892194570332
2.011715920225443,0.9937909123710564,1.453893998536939,0.6612410880746078
1.1756791980829462,0.1537289194099476,0.7384563796314378,1.535315652214993
3.3857710822738283,0.8453297095619257,1.8545621198302198,1.0417862430611082
0.005620126219395348,0.8606547894801337,0.017908213695402297,0.30612313127158264
1.4112548264579208,1.0044482731863922,0.9627783091080746,0.9822844319232198
2.3967988543330976,0.09900224702029048,1.5860322710808652,1.4326813523999655
2.4946047744252753,0.688935200382887,1.1025315977031727,1.8828288072485153
3.708081676440634,1.6024152680028942,1.5066260432542102,1.2540622289795509
2.0227321054476324,1.4352164446962592,1.096569621810833,1.05769242334814
1.7732308561589085,0.477941898714469,1.0386228307477565,1.4590897815857713
4.942828210478183,1.343748159223451,1.9921504528240415,1.1426778133936346
1.0438323625478865,0.12854694246311316,0.7141987210586302,1.4156392787321102
0.5112203425452642,1.5705485323646025,0.4695855362467527,0.7199094431432629
0.12681176745256623,1.5704099524372148,0.1426439653590741,0.7770042377249411
1.4508924544614175,1.032186537951549,0.7135349352155484,1.6651361328590724
0.5867922364419209,1.0827316385591181,0.6032899027452092,0.646053300747097
0.05079661178049278,0.33876779515723876,0.24964630711031344,0.1611882522838588
0.9295828430157751,1.717266848195378,0.9260330323697292,0.20871043866369754
4.8617643238865185,1.194246084466701,1.705975132486234,1.8311677176028227
0.5892499948753394,1.9642051865954073,0.35543254892925336,1.3087679221683644
0.23681677523652828,0.1734098171948677,0.2840354367750759,0.8091305839339837
1.7126387913945385,1.655494122708316,0.853176023385279,1.3011546910717935
0.04135567926832789,1.8093642499991538,0.03776547003002939,1.0609001765898698
0.16492233706333886,1.2493409236953459,0.15984052009534078,0.9319453942394651
1.3134785094809818,0.5532709154927291,0.633959071231857,1.8964908592054368
1.5311285863215214,0.5165296592619961,1.4335608945664424,0.6978213170161178
0.5969806310249516,0.07633466434410296,0.9415368627020257,0.5981131823217238
0.3837931520131334,1.2433393924870226,0.7435311203516062,0.053945546872423034
1.3133319441008329,0.4777319483925826,1.8390968150371878,0.2748202414632226
6.231172728539976,1.5124383705959612,1.8748437171114622,1.9057763559655188
3.947569281381067,1.7274453562951797,1.7193181982183796,0.810994430142467
2.9772471548579147,0.24698776212315643,1.3930151752123443,1.9652394348886546
1.116220614317924,0.11272764405786084,0.5868183771782289,1.869081554887408
1.9917978685021005,0.6911649897731533,1.297559090584398,1.0866207141175481
6.109195233464147,1.7411899246995095,1.754982691327266,1.9531781668681722
2.010124756930526,0.8717929105457849,1.9627298363995165,0.16860047162608782
1.3234603542503984,1.8905955457920396,0.7542471208788377,1.041689246229939
3.476837382596163,1.7231332009787168,1.5713808759802435,0.8587507565011587
1.0322287104794792,0.5295282691535141,1.370880640209259,0.3900075772865852
2.6926011139931765,1.0405683588169452,1.6410349722549924,0.7869899400044129
0.11543626906659993,0.2418895023410439,0.08216488253998877,1.3949969779456102
1.2721650513938982,0.6117748418393045,0.652754491557852,1.7492487242482586
3.1561845232175845,1.4695314009312535,1.729423162502514,0.554271807156332
1.0585389662785694,0.5547029670660055,0.7150769250866718,1.281987169278045
0.2416175664383594,0.7443595780195313,0.24363041562318744,0.9010637871999689
2.0187590057537457,1.6313671107627323,0.7811215810417429,1.9472883189535166
0.7717524487931091,0.19795902827883816,1.8412281646838298,0.23690703434859772
4.0975723179530785,0.28883672520571846,1.9609185639598803,1.8064261627257059
0.8033935165899138,0.6969180679628473,1.4918300202986337,0.018687209879079347
3.8083506154905034,1.5522755528718808,1.3224941850578966,1.8532351663334083
0.3919245360351491,0.13977243352421342,0.21883243506630512,1.7756867271661199
2.4702691761124993,0.4316433021280821,1.4118033718789627,1.4450283428269937
3.0309278616403095,0.12058800741255582,1.958094067843818,1.4298356324025536
0.560927735533272,1.7240205419239463,0.3579393333401961,1.2585554295263959
0.9535445411716869,0.467864192270105,0.6301069223295597,1.365903695404321
2.613832007156844,1.1879798815060667,1.268742083903282,1.3065559771332136
0.3637679251333869,1.7785824358867368,0.31833759579346044,0.8596163372880685
3.893272098982291,0.918408628391687,1.8473513272795432,1.2591770287237276
0.023676191547655278,0.46139597132213317,0.24361896702662067,0.04098293260286834
0.11965084350067114,0.3241289830825562,0.16585060302549293,0.6945590008045144
1.1590483871014365,1.433228978651203,0.7670004471167304,0.9615007097495811
4.9799328291831175,1.0160822298267853,1.7455731739249,1.966069680631702
1.993380961455614,1.0440228595822418,0.8524305742022171,1.8934887246216496
1.545163912913259,0.7504653777959187,1.029636196433108,1.114336034624321
2.1435995733925575,1.8891928067501043,0.9105384141700488,1.4941197139141842
3.3477272165884076,1.8691892385752455,1.185512157664868,1.7158924986952315
3.1909455297675926,1.5343741840722358,1.2489046395255314,1.596851817909341
0.3115922919547005,0.18117928416062012,1.5928625356207067,0.05132096998704361
0.22070753878260285,0.5656031490915308,0.7081066774620506,0.11143316528408187
0.16917909569143585,0.20335959072784626,0.13564870027367348,1.2333927945738317
0.9495394144531207,1.75966459768411,0.40413085189313747,1.9940167001018472
2.682078781592158,1.450388682616146,1.567437546409638,0.5744263810095698
1.7253604470124875,1.3014666354842888,1.4342018498289941,0.26972796418708045
0.1850662897316659,0.6103829402088237,0.1296219227147435,1.3881796137859124
3.052751910644167,1.4346139659934698,1.1775142962175276,1.747899921059377
1.2451601604053655,0.19774717151204335,1.6106500804659187,0.6138285037452673
0.6566656039549859,1.2803812763061613,0.6174753476739079,0.6681665990448327
0.7463702450294859,0.036801982867425975,0.4304593919137347,1.725971466710583
0.45393945457256596,0.5041375577212115,0.22241010523959415,1.9849392887357236
0.8491594661763612,0.49011121201346586,1.6557519661695344,0.10710296869378699
0.7702316742982154,1.2849576506689857,0.42641228355505123,1.532346562894978
1.9846705764719883,0.11186641522493246,1.5020448867787688,1.2372982396093157
0.6677630551123506,0.3636882793422387,0.6926401760646241,0.8381310729203615
0.9449721213460497,0.09843205929975252,0.5575036515934066,1.6675680395788195
3.3662435352512485,0.6939097243766026,1.6276053030758666,1.5035130103822218
0.011842554724633017,1.4369901335367188,0.03827593149939146,0.28189844919838114
2.7619923023768167,0.8704407236296681,1.3110853658988522,1.536034617577395
0.48358538874429546,0.6755922391883766,0.4188214946806694,1.0131573686658162
0.2573584518401225,1.343271012232553,0.5824003243049942,0.05073196351261133
0.27758674289004687,0.18579456562914887,0.6476336537776357,0.36845351472461374
1.939825000033239,0.15231037749935328,1.6587402629858339,1.0431350739868
4.14608939986651,0.8484781844308882,1.9681326634680532,1.2716519220661342
1.7870212725949712,1.1056578033341982,0.8711366858713079,1.5697777184014183
0.4323441145980119,1.1656807582650102,0.3250060047387653,1.1408383822213075
0.14672780791114085,0.49776860516319066,0.3100312856636993,0.3961058261909989
0.8505104319002452,1.1554391816461924,0.5735785006172536,1.1514468138999088
3.036879794035606,0.8196140277044182,1.5442016900143183,1.3338094769688482
1.1797612739969632,0.6590253544663716,1.7366329915997059,0.1070956961533287
3.0392806098193104,1.2867648327643237,1.5880878580466204,0.8920509793322036
0.0030580516113151135,0.7697959914966206,0.026842084812324085,0.10359603512525006
0.8168489430436014,0.41902910182094644,1.0610622640063518,0.5475327416935261
0.058738851458226535,0.6534277497342424,0.423880915393555,8.617054142590064e-05
0.7164848539562195,1.9002529230394307,0.533605297046865,0.8357318903461399
0.8350475847815163,1.2216028284578675,1.0898194517410877,0.10056235733159813
0.3206053151715756,1.0125934623797375,0.24324941940439615,1.1948542221194307
0.9744058349972073,0.058303093989955146,0.5482420225427824,1.7613457830153234
2.4863019045378443,0.18096773913923703,1.8233357521361329,1.198618223751886
0.34203737911881127,0.11522627882460879,1.3763297132610504,0.16921945277927342
1.5006172252379055,1.1811490854730582,0.6666339131558505,1.8573394134413572
0.33554311923867286,0.7787523265905298,0.21084881611126027,1.5092924972780173
1.7931182731540611,0.02029181669196678,1.5796567038070717,1.1191045678129423
2.1874754309316713,0.6073775386112901,0.9620610904223321,1.9815714452996769
2.397595362209392,1.6714510541162126,1.2307409282126847,0.9195294188572805
3.0481346098723034,1.688523784294901,1.2648394931928257,1.3420425679631016
0.5508072640917145,0.3604555353406569,0.293753873189071,1.8221212304755923
2.944032139190395,1.8249422353981095,1.2893216809685075,1.106927336664474
1.1106305141779829,0.08768575896897102,1.536193655213346,0.6556244366744055
4.635840923104792,1.1638025477096292,1.843364462632455,1.4422241440595205
3.431679545135789,1.518438448030822,1.234342552450639,1.8430313077585476
3.1470466684365936,0.4159052676071666,1.479379554993204,1.8196338044611924
1.804680209812432,1.305845412739946,1.0816783193857207,0.9621551542652442
2.376603362617097,1.6548954850014508,1.1268568965503871,1.1766399740269735
0.8773728462524254,1.1681825637513479,0.9400651155995878,0.3842268777163891
4.660327656111781,0.8165179406964529,1.9211359009926932,1.6414978716655142
1.1638129239373858,0.09058832588522048,0.6797134784561005,1.6814239900244747
0.09391823088247127,0.03456917317395525,0.2620292133306572,0.35389749844527896
0.5001382777882196,0.30036457119454973,0.8412272627242972,0.468196648253451
0.367659343808446,0.5862705476858803,0.2303238891536683,1.5287549391008641
0.061715856337162874,1.2567063414477346,0.14867736825050337,0.32167730235003145
1.365015562818537,0.03968627443735362,1.8781408337356538,0.6895226383148871
0.3928855743488026,1.5635793759725471,0.23154194590597132,1.5158053548012036
1.4330284036435499,0.06365423314185836,0.9548308589790897,1.4704296007893827
1.8192367255505255,0.320090290221805,1.259098971244063,1.2433592245676126
2.5232476922262803,1.4621131877123057,1.7902074696858883,0.10072924249549797
0.07937095723662252,1.133083245747974,0.30890472953152837,0.08193577286763798
1.5869903786467614,0.07347646521437867,0.8348387296180828,1.8702839272601983
5.408062388216891,1.1002649885085156,1.9842784939446776,1.633839248139753
0.4968645363543428,0.5550366621287415,0.7383042591972615,0.46808776015750353
4.958586056611535,1.6180066752685425,1.8301433126245747,1.2288056379224381
3.5704063663834944,1.557334367630021,1.607841106005405,0.9686482930867024
0.4738768869144158,0.05109049098565688,0.25477711092277455,1.8534581390082658
0.2739591950901991,1.2784823003066932,0.2358640329811883,1.0107392355551217
0.3896161184503648,0.2921338621583698,0.8093566105892298,0.3631696892127825
2.498882223264922,1.6881160852918453,1.200116648666505,1.069231338476372
0.5319962318129531,1.5072372731772286,0.6352791146904371,0.358663072079187
2.5626089816692366,1.2955142112961164,1.1269983510597141,1.5438144188214942
3.8257216058987646,1.6609868841624131,1.6916396986442428,0.8566506856841976
0.6456728217271608,1.0895493486319763,0.3312503987982951,1.7687417964514214
2.9647039370882515,1.1127408088393673,1.4236112255739082,1.2904684204238046
0.11861897875073753,0.39368133513006076,0.06537004446212302,1.80170951039647
0.7437783055839866,0.2509882525219329,0.3700475488480359,1.9635145429882912
0.64003589572329,1.8774378349005285,0.47544217851293613,0.8998842519683004
1.9591167545443362,1.2947810226062533,1.2366528097213494,0.7836119021193861
4.872521409689114,0.8886712551906286,1.9598386666957044,1.6153588122334988
4.708357631414302,1.1670520742718105,1.9392728900615284,1.2962822190951437
2.992032470206952,1.2859073545263193,1.222672200717398,1.6610040348901078
0.06770406177298958,0.5647875109615255,0.12184133789209928,0.5212667520917076
5.889183558133991,1.3264366178752998,1.9917594183460425,1.6358032368772129
0.7372331635906485,0.5838368131156637,0.542856246223669,1.1995936035413293
1.1301017206371302,0.6857537406794183,1.195958564932466,0.5348673113660851
0.10518296868030234,0.33422412881876307,0.2076573991890458,0.4718195943350103
3.592311511762505,1.1644364113876635,1.9016559404825,0.7818651681338353
0.718477191420236,0.8337264419475166,0.9975630409639022,0.3043850258174168
0.40378740595825013,0.21003819410718672,1.4236168051671252,0.134127945611209
6.094635014350928,1.5860159783442087,1.8873251883323658,1.7325808284224657
1.3374770522550063,0.9132662401526679,0.7879731246587396,1.3375491673150035
2.317161349077045,1.5603566822236754,0.9517629867527737,1.69205427191076
0.883480005377666,0.3959571218343616,1.6315744969760355,0.2184724512893943
3.650730906171689,0.8567716377917691,1.4285196751372071,1.9436466463839737
4.209203517163495,0.780445275952917,1.7232776121196007,1.7700949033403723
1.7499522934031475,0.21125687204962595,1.349152998444324,1.1545658326957773
2.1691779369687616,1.9322096280804282,1.3086247715409822,0.3933324666520832
1.1542667168161216,0.9537112614328558,0.8201820920136318,1.0162213723021727
0.7320026415969131,0.7762156961286797,1.2567201461126598,0.0947277312748287
2.303451613454601,1.331351590253502,1.688913854017334,0.23959659044210002
1.846049421641055,1.4116800397388536,1.167500927381451,0.7571285143119422
4.7440253427426065,1.2770026289318952,1.6328998120418599,1.8626677574573947
0.6223690807829578,0.7599086222313185,0.9010047548174169,0.3484094105615172
0.6359438250895688,0.9353059391934295,0.6857120984011393,0.6067457374669292
3.9852842564297912,0.8819105305122816,1.8292965465952982,1.3719504669190379
0.8017184026350572,1.535277817708736,0.7815123890414744,0.42593569620729355
3.689248069804638,1.3584498452449598,1.3743711779621153,1.7508099539473352
0.9110608802323199,0.24690800148332914,1.0994399809869184,0.6929287767269314
1.2971757441902052,0.1239467271284056,0.7706675125040956,1.6354238139760475
1.6731772144869559,0.704601156085382,1.9623458138887986,0.16130580102355752
1.6270410709997785,0.3098084377836752,1.6115143733844157,0.7600044737371141
1.9360775906687044,0.5411416161993194,1.9653389706687951,0.45334792735048857
2.1151837096957973,1.0871703211854504,1.296018314300779,0.9275668088976454
2.671986030126188,1.2837978923859115,1.560276926302182,0.7109674440454379
0.6257833200274365,0.3863344747837243,0.7622018571258287,0.6737880338124493
3.1542853687985994,1.0748320923967898,1.2543344836507508,1.8406088465269104
2.909541561734577,1.0724586513596353,1.4204980381667822,1.2865418390870471
1.5491629005275087,0.27377538694783876,0.7694317783678606,1.9080599076739038
0.3291382598851854,1.4569553713494927,0.5550290047220967,0.18868467365911967
0.8315370354589786,1.7982092852549563,0.4605423112594893,1.391484834244555
1.8227866933534596,0.3450901848198231,1.0091142505903803,1.6322056975348738
1.8623836876347886,1.0266012960928872,1.0779143998288436,1.1744716885331004
0.19336373395541162,0.07929754569329361,0.8006712443441655,0.2097564015595117
1.1506284519559002,0.1495091819130565,1.2094861062642517,0.8609220037489171
3.674176739334142,1.6527061375529202,1.6850385262398169,0.7880337081206727
0.08222028466405702,0.910616198753182,0.3334252113265441,0.09478168536070886
1.612291996377709,1.1227175057921344,0.7701970605803721,1.6609931121169617
1.6670658876834716,0.20068125018993732,1.2518689666049245,1.2060483305854495
1.593741449626663,0.6706086255757728,0.7962724414688793,1.7345091263825771
5.457412109680511,1.287138435636034,1.995456850210062,1.4507040230545964
2.1370837890658394,1.6566131365764885,1.0255023591566461,1.2345081025616937
4.4063276672201,0.59893291039309,1.9392375652621567,1.6914593120491357
0.247268237756037,0.08333639992392627,1.0944881124062777,0.1803160058141553
1.4215993627381907,0.4621946351207684,1.975776364799613,0.26291768941691407
0.08225162235588206,0.17944726588645077,0.5427909679389504,0.10283344111936366
2.1269318342616215,1.4154253859966022,0.8634141083937013,1.8523480034461859
1.7070122966380845,0.6516068536567723,1.7981094476020405,0.3635070404209506
3.271972077025923,1.2788304191570194,1.557984722664084,1.103931912752198
2.395516666815209,1.5216596235677458,1.1332731980186315,1.2515753022671152
0.5598271086771014,0.47740243340571187,0.5710433061868658,0.8440496797438879
0.12369616085729779,1.4776843969052313,0.17181120933206717,0.5930125902773953
0.6094599128416369,1.106156771202358,0.7045711522907514,0.47532525033799944
0.6077916794264847,0.7469565966045011,0.3264505202263852,1.739896503721228
1.4972340299652211,0.6572592369187473,0.9990482408840988,1.170343551432274
0.16624860010864206,1.8883171773218965,0.08870129003911909,1.7905042517097267
3.068744524198677,0.7102294385601591,1.762812953348724,1.1148217136119882
1.3314822431529925,1.563126669192747,1.2984144808419824,0.010674650202044056
2.4283186939952675,0.06778400239368554,1.424799190907718,1.656034169129289
1.0269435668317044,0.9868432476153268,1.4221415072821828,0.020395305346095238
0.4500432250095636,0.2845007038191827,1.1537897836165374,0.2259295148245426
0.27904046321737547,1.4925383013818858,0.3860761607293026,0.43464341981747534
0.43227117234754814,1.4087022847479256,0.23339052837351004,1.6877478546306965
1.6660865085720784,0.1794155183545343,0.9650509033787327,1.6398508944482046
0.7743869034580166,0.40290299763569504,0.5987481184892531,1.1727246542787264
2.3387744397864405,1.7214894797004696,0.9648645960157765,1.5934384452933281
4.428576206522738,1.428214020532709,1.6455001779944507,1.5162620548844814
2.61381219976343,1.9619026723329598,1.155937226727414,1.1272878390282621
0.2790072510041354,0.6274275889605743,0.22584045508766848,1.1645682364593106
2.1975688793980432,0.9390403567813927,1.3885138748193477,0.9307416497677137
0.5425072707754139,1.8331430095988364,0.31347351449792527,1.4433110307311083
1.811789409622781,0.3666745928149322,1.119021485242972,1.4139252931341029
1.4154186803675288,0.9287570353813577,1.1692394666504142,0.667576755216059
1.886547751821352,0.1880238444903839,1.1188953830022894,1.580891052346731
1.519849168702022,0.38027675415124684,1.0218385613627639,1.2930764829562154
4.076461426939396,0.3962366887277833,1.8662458912951152,1.8145734527040145
1.3234527277604398,1.026527216311659,0.8129744860038384,1.2106440038171635
1.4287197146487203,0.4014550676477895,1.5952535649299282,0.5753953445261653
4.9081879574889316,1.8100673945184702,1.6568398413329681,1.4628833571703292
0.22053547811363425,0.9439490509428357,0.5366381469238182,0.1576779780189126
0.034304203777013306,1.1166604414890322,0.017852481966507794,1.9115693714361837
0.08034060701201043,0.1302789602691441,0.06911830964475252,1.1578612661663814
0.4761783887565594,0.9584202431563404,0.5380189555116701,0.6272346293099667
1.6179425871711546,0.8140403477482574,1.7445648980763564,0.2173458654609166
1.021659438150287,1.9644877358928354,0.9540472227022814,0.1337618010210484
3.6049595721224037,1.9710978214310322,1.7044992265811743,0.43509961833503885
0.08974063059549801,1.9602179267736901,0.08966059722666042,0.9130154708681357
0.04843460508195269,1.7693469956172476,0.11173764470898351,0.33461587682132277
1.1024459756011185,0.2715034088403301,1.5683631369083877,0.49001978394228973
2.4529739752367323,0.6305808161255968,1.8299698140747276,0.76347311856181
0.6206665849707144,0.9052123038079587,0.3055946341488376,1.8926986950175304
1.2198949575295905,1.1626421120371049,1.2674525921039672,0.22568090104087113
3.021681525356728,0.841409464628593,1.2881422930656745,1.8038393195157874
3.34975635542462,1.8503102426684002,1.5726034420630473,0.6751684704931766
3.0552878110763153,1.647443678661646,1.4401870029072366,0.9351386611495205
1.6925762052222408,1.840666404271627,0.6774040479987598,1.8751838961175096
2.744921003478346,0.2780092288376994,1.3425575938826984,1.8579244819159406
1.1702374547677665,0.9197471362971048,1.5740153664322867,0.01962463740076381
2.4585870198244257,0.6612227675585454,1.5407621323428986,1.0863018816657946
2.0864532863878082,1.7656847447193371,1.4682344348650722,0.12484319382729736
0.6545325572475144,1.0643591878876277,0.5187142131471487,0.9857874385669647
3.7606062875925907,0.11084343105404826,1.8649156131174507,1.9131452974723264
1.1999988962697883,1.128362540936985,0.6801963280308276,1.3804408764219547
1.6869745759534656,0.034304359218924496,0.9940790931817451,1.6799718648209734
2.2532808056388847,0.6749775298752785,1.524396479683629,0.9636794766835981
1.3394170805120948,0.9481585427376595,0.7551210686096737,1.415790676760017
1.1109873340956238,0.8346688714088619,1.2843118865523322,0.32905723527968367
2.2831489065411836,0.6634453932616255,1.1091090346991195,1.690626600817757
0.051169173006078525,0.33950793005107216,0.31109201438107004,0.11167333519430467
3.2886499939807856,1.096640046205786,1.9339957432148938,0.6399946526271536
0.5466117225785535,0.8445386409189977,0.26867034503701936,1.9210558486832068
1.7791517840299025,1.8864072058248156,0.7569755302518564,1.6363604840158352
2.0448154559624534,1.8816446911797555,1.111209331573767,0.7947206723699238
