A000001,A000002,A000005,A000009,A000010,A000014,A000019,A000029,A000031,A000032,A000035,A000040,A000041,A000045,A000048,A000069,A000079,A000120,A000123,A000124,A000161,A000203,A000204,A000217,A000219,A000225,A000290,A000292,A000326,A000330,A000578,A000583,A000593,A000594,A000688,A000720,A000793,A000796,A000959,A000961,A001034,A001037,A001045,A001055,A001057,A001065,A001097,A001113,A001157,A001221,A001222,A001227,A001285,A001358,A001405,A001462,A001481,A001511,A001615,A001969,A002033,A002083,A002113,A002322,A002378,A002487,A002530,A002531,A002572,A002620,A002654,A002808,A003136,A003484,A004011,A004018,A004526,A005100,A005101,A005117,A005230,A005408,A005811,A005843,A006530,A007318,A008275,A008277,A008279,A008292,A008683,A010060,A018252,A020639,A020652,A020653,A025487,A027642,A038566,A038567,A038568,A038569,A049310,A070939,A074206,A104725,A226898,A246655
0,1,1,1,1,0,1,1,1,2,0,2,1,0,1,1,1,0,1,1,1,1,1,0,1,0,0,0,0,0,0,0,1,1,1,0,1,3,1,1,60,1,0,1,0,0,3,2,1,0,0,1,1,4,1,1,0,1,1,0,1,1,0,1,0,0,0,1,1,0,1,4,0,1,1,1,0,1,12,1,1,1,0,0,1,1,1,1,1,1,1,0,1,1,1,1,1,1,1,1,1,1,1,1,0,0,1,2
1,2,2,1,1,1,1,2,2,1,1,3,1,1,1,2,2,1,2,2,1,3,3,1,1,1,1,1,1,1,1,1,1,-24,1,1,1,1,3,2,168,2,1,1,1,1,5,7,5,1,1,1,2,6,1,2,1,2,3,3,1,1,1,1,2,1,1,1,1,0,1,6,1,2,24,4,0,2,18,2,1,3,1,2,2,1,-1,1,1,1,-1,1,4,2,1,2,2,2,1,2,1,2,0,1,1,1,2,3
1,2,2,1,2,1,2,3,3,3,0,5,2,1,1,4,4,1,4,4,1,4,4,3,3,3,4,4,5,5,8,16,4,252,1,2,2,4,7,3,360,1,1,1,-1,1,7,1,10,1,1,2,2,9,2,2,2,1,4,5,1,1,2,2,6,1,1,2,1,1,0,8,3,1,24,4,1,3,20,3,2,5,2,4,3,1,1,1,1,1,-1,1,6,3,2,1,4,6,1,3,2,1,1,2,1,1,1,4
1,1,3,2,2,0,2,4,4,4,1,7,3,2,1,7,8,2,6,7,0,7,7,6,6,7,9,10,12,14,27,81,1,-1472,2,2,3,1,9,4,504,2,3,2,2,3,11,8,21,1,2,1,1,10,3,3,4,3,6,6,2,2,3,2,12,2,3,5,2,2,1,9,4,4,96,0,1,4,24,5,3,7,1,6,2,1,2,1,1,1,0,0,8,2,1,3,6,1,2,3,1,3,-1,2,1,1,2,5
2,1,2,2,4,1,5,6,6,7,0,11,5,3,2,8,16,1,10,11,1,6,11,10,13,15,16,20,22,30,64,256,6,4830,1,3,4,5,13,5,660,3,5,1,-2,1,13,2,26,1,1,2,2,14,6,3,5,1,6,9,1,3,4,4,20,1,4,7,3,4,2,10,7,1,24,4,2,5,30,6,6,9,2,8,5,2,-3,3,2,4,-1,1,9,5,3,1,8,30,1,4,3,1,0,3,2,2,1,7
1,2,4,3,2,1,4,8,8,11,1,13,7,5,3,11,32,2,14,16,1,12,18,15,24,31,25,35,35,55,125,625,4,-6048,1,3,6,9,15,7,1092,6,11,2,3,6,17,8,50,2,2,2,1,15,10,4,8,2,12,10,3,6,5,2,30,3,11,19,5,6,0,12,9,2,144,8,2,7,36,7,11,11,3,10,3,1,1,1,2,1,1,0,10,2,1,4,12,1,3,4,2,3,1,3,1,1,2,8
2,1,2,4,6,2,7,13,14,18,0,17,11,8,5,13,64,2,20,22,0,8,29,21,48,63,36,56,51,91,216,1296,8,-16744,1,4,6,2,21,8,2448,9,21,1,-3,1,19,1,50,1,1,2,1,21,20,4,9,1,8,12,1,11,6,6,42,2,15,26,9,9,0,14,12,1,96,0,3,8,40,10,20,13,2,12,7,1,-6,1,1,1,-1,0,12,7,2,3,16,42,1,5,3,2,0,3,3,3,1,9
1,2,4,5,4,2,7,18,20,29,1,19,15,13,9,14,128,3,26,29,0,15,47,28,86,127,49,84,70,140,343,2401,1,84480,3,4,12,6,25,9,2520,18,43,3,4,7,29,8,85,1,3,1,2,22,35,4,10,4,12,15,4,22,7,2,56,3,41,71,16,12,1,15,13,8,192,0,3,9,42,11,40,15,1,14,2,3,11,7,3,11,0,1,14,2,3,2,24,1,2,5,1,4,-2,3,1,1,2,11
5,2,3,6,6,4,11,30,36,47,0,23,22,21,16,16,256,1,36,37,1,13,76,36,160,255,64,120,92,204,512,4096,13,-113643,2,4,15,5,31,11,3420,30,85,2,-4,4,31,2,91,1,2,3,2,25,70,5,13,1,12,17,2,42,8,6,72,1,56,97,28,16,1,16,16,1,24,4,4,10,48,13,77,17,2,16,3,3,-6,6,6,11,0,1,15,3,4,1,30,30,3,5,4,1,0,4,4,5,1,13
2,1,4,8,4,5,9,46,60,76,1,29,30,34,28,19,512,2,46,46,1,18,123,45,282,511,81,165,117,285,729,6561,6,-115920,1,4,20,3,33,13,4080,56,171,2,5,8,41,8,130,2,2,2,1,26,126,5,16,2,18,18,3,84,9,4,90,4,153,265,50,20,2,18,19,2,312,4,4,11,54,14,148,19,3,18,5,1,1,1,6,1,1,0,16,2,1,5,32,1,4,5,3,4,1,4,2,2,2,16
2,2,2,10,10,10,8,78,108,123,0,31,42,55,51,21,1024,2,60,56,1,12,199,55,500,1023,100,220,145,385,1000,10000,12,534612,1,5,30,5,37,16,5616,99,341,1,-5,1,43,4,122,1,1,2,1,33,252,5,17,1,12,20,1,165,11,10,110,3,209,362,89,25,0,20,21,1,144,8,5,13,56,15,285,21,4,20,11,1,24,1,1,1,-1,0,18,11,5,1,36,66,1,6,4,3,1,4,3,3,1,17
1,2,6,12,4,14,6,126,188,199,1,37,56,89,93,22,2048,3,74,67,0,28,322,66,859,2047,121,286,176,506,1331,14641,4,-370944,2,5,30,8,43,17,6048,186,683,4,6,16,59,5,210,2,3,2,2,34,462,6,18,3,24,23,8,330,22,2,132,5,571,989,159,30,0,21,25,4,288,0,5,14,60,17,570,23,3,22,3,4,-50,15,4,26,0,1,20,2,1,6,48,1,5,6,1,5,0,4,1,1,3,19
5,1,2,15,12,26,9,224,352,322,0,41,77,144,170,25,4096,2,94,79,0,14,521,78,1479,4095,144,364,210,650,1728,20736,14,-577738,1,6,60,9,49,19,6072,335,1365,1,-6,1,61,9,170,1,1,2,1,35,924,6,20,1,14,24,1,654,33,12,156,2,780,1351,285,36,2,22,27,1,96,0,6,15,66,19,1120,25,2,24,13,6,35,25,12,66,-1,0,21,13,2,5,60,2730,1,7,5,1,-3,4,8,11,1,23
1,1,4,18,6,42,4,380,632,521,1,43,101,233,315,26,8192,3,114,92,1,24,843,91,2485,8191,169,455,247,819,2197,28561,8,401856,1,6,60,7,51,23,7800,630,2731,2,7,10,71,0,250,2,2,2,2,38,1716,6,25,2,24,27,3,1308,44,6,182,5,2131,3691,510,42,0,24,28,2,336,8,6,16,70,21,2200,27,3,26,7,4,-10,10,24,26,1,1,22,2,3,4,64,1,2,7,2,5,0,4,1,1,2,25
2,2,4,22,8,78,6,687,1182,843,0,47,135,377,585,28,16384,3,140,106,0,24,1364,105,4167,16383,196,560,287,1015,2744,38416,24,1217160,1,6,84,9,63,25,7920,1161,5461,2,-7,9,73,4,260,2,2,4,2,39,3432,6,26,1,24,29,3,2605,55,4,210,3,2911,5042,914,49,0,25,31,1,192,0,7,17,72,22,4323,29,2,28,5,1,1,1,24,1,1,1,24,3,4,3,72,6,3,7,5,2,1,4,3,3,2,27
1,1,5,27,8,132,22,1224,2192,1364,1,53,176,610,1091,31,32768,4,166,121,0,31,2207,120,6879,32767,225,680,330,1240,3375,50625,1,987136,5,6,105,3,67,27,9828,2182,10923,5,8,15,101,5,341,1,4,1,1,46,6435,7,29,5,24,30,8,5210,66,4,240,4,7953,13775,1639,56,1,26,36,9,576,0,7,19,78,23,8498,31,1,30,2,1,-120,1,1,1,0,0,25,2,5,2,96,1,4,7,3,5,0,4,3,3,2,29
14,1,2,32,16,249,10,2250,4116,2207,0,59,231,987,2048,32,65536,1,202,137,1,18,3571,136,11297,65535,256,816,376,1496,4096,65536,18,-6905934,1,7,140,2,69,29,12180,4080,21845,1,-8,1,103,2,290,1,1,2,2,49,12870,7,32,1,18,33,1,10398,77,16,272,1,10864,18817,2938,64,2,27,37,1,24,4,8,21,80,26,16996,33,2,32,17,5,274,31,5,57,-1,1,26,17,6,1,120,510,5,7,5,3,3,5,8,15,1,31
1,2,6,38,6,445,4,4112,7712,3571,1,61,297,1597,3855,35,131072,2,238,154,1,39,5778,153,18334,131071,289,969,425,1785,4913,83521,13,2727432,2,7,210,3,73,31,14880,7710,43691,4,9,21,107,3,455,2,3,3,1,51,24310,7,34,2,36,34,8,20796,88,6,306,5,29681,51409,5269,72,1,28,39,2,432,8,8,22,84,29,33707,35,3,34,3,10,-225,90,20,302,0,0,27,2,1,7,128,1,6,7,4,5,0,5,1,1,2,32
5,2,2,46,18,842,8,7685,14602,5778,0,67,385,2584,7280,37,262144,2,284,172,1,20,9349,171,29601,262143,324,1140,477,2109,5832,104976,20,10661420,1,8,210,8,75,32,20160,14532,87381,1,-9,1,109,5,362,1,1,2,1,55,48620,7,36,1,20,36,1,41550,99,18,342,4,40545,70226,9451,81,0,30,43,1,312,4,9,23,88,30,66844,37,4,36,19,10,85,65,60,302,-1,0,28,19,3,5,144,798,1,8,5,4,-4,5,8,11,1,37
1,1,6,54,8,1561,4,14310,27596,9349,1,71,490,4181,13797,38,524288,3,330,191,0,42,15127,190,47330,524287,361,1330,532,2470,6859,130321,6,-7109760,2,8,420,4,79,37,25308,27594,174763,4,10,22,137,3,546,2,3,2,2,57,92378,8,37,3,36,39,8,83100,101,4,380,7,110771,191861,16952,90,2,32,48,4,480,0,9,25,90,31,132568,39,3,38,5,5,-15,15,120,57,0,1,30,2,5,3,180,1,3,8,1,6,0,5,1,1,3,41
5,2,4,64,12,2988,9,27012,52488,15127,0,73,627,6765,26214,41,1048576,2,390,211,1,32,24476,210,75278,1048575,400,1540,590,2870,8000,160000,32,-4219488,1,8,420,6,87,41,25920,52377,349525,2,-10,11,139,6,500,2,2,4,1,58,184756,8,40,1,32,40,3,166116,111,6,420,3,151316,262087,30410,100,0,33,49,1,144,8,10,26,96,33,262936,41,4,40,7,1,1,1,120,1,1,0,32,3,7,1,192,330,5,8,6,1,1,5,8,11,2,43
2,1,4,76,10,5671,4,50964,99880,24476,1,79,792,10946,49929,42,2097152,3,450,232,0,36,39603,231,118794,2097151,441,1771,651,3311,9261,194481,12,-12830688,1,8,420,2,93,43,29120,99858,699051,2,11,14,149,0,610,2,2,2,2,62,352716,8,41,2,36,43,3,332232,121,10,462,8,413403,716035,54555,110,0,34,52,2,768,0,10,27,100,34,521549,43,5,42,11,1,720,1,1,1,1,1,33,2,1,8,210,1,7,8,5,6,-1,5,3,3,2,47
2,1,2,89,22,10981,7,96909,190746,39603,0,83,1002,17711,95325,44,4194304,3,524,254,0,24,64079,253,186475,4194303,484,2024,715,3795,10648,234256,24,18643272,1,9,420,6,99,47,32736,190557,1398101,1,-11,1,151,2,530,1,1,2,2,65,705432,8,45,1,24,45,1,664299,131,22,506,5,564719,978122,97871,121,0,35,57,1,288,0,11,29,102,35,1043098,45,4,44,23,6,-1764,63,6,120,-1,1,34,23,2,7,216,138,1,9,6,5,0,5,3,3,1,49
1,2,8,104,8,21209,5,184410,364724,64079,1,89,1255,28657,182361,47,8388608,4,598,277,0,60,103682,276,290783,8388607,529,2300,782,4324,12167,279841,4,21288960,3,9,840,4,105,49,34440,364722,2796203,7,12,36,179,8,850,2,4,2,1,69,1352078,9,49,4,48,46,20,1328598,141,2,552,7,1542841,2672279,175586,132,0,36,61,8,576,0,11,31,104,37,2077698,47,3,46,3,15,1624,301,30,1191,0,0,35,2,4,5,240,1,2,9,1,7,6,5,1,1,4,53
15,1,3,122,20,41472,28,352698,699252,103682,0,97,1575,46368,349520,49,16777216,2,692,301,0,31,167761,300,451194,16777215,576,2600,852,4900,13824,331776,31,-25499225,2,9,840,3,111,53,39732,698870,5592405,2,-12,6,181,7,651,1,2,3,1,74,2704156,9,50,1,30,48,2,2656866,151,20,600,2,2107560,3650401,315016,144,3,38,63,1,96,0,12,32,108,38,4138400,49,2,48,5,20,-735,350,120,2416,0,0,36,5,5,4,256,2730,4,9,7,1,0,5,20,45,1,59
2,2,4,142,12,81181,7,675188,1342184,167761,1,101,1958,75025,671088,50,33554432,3,786,326,2,42,271443,325,696033,33554431,625,2925,925,5525,15625,390625,14,13865712,1,9,1260,3,115,59,51888,1342176,11184811,2,13,16,191,4,850,2,2,2,2,77,5200300,9,52,2,42,51,3,5313732,161,12,650,7,5757961,9973081,565168,156,2,39,64,2,744,12,12,33,112,39,8243093,51,3,50,13,15,175,140,360,1191,1,1,38,2,7,2,288,1,5,9,2,7,-5,5,2,2,2,61
2,2,4,165,18,160176,15,1296858,2581428,271443,0,103,2436,121393,1290555,52,67108864,3,900,352,1,40,439204,351,1068745,67108863,676,3276,1001,6201,17576,456976,40,-73279080,3,9,1260,8,127,61,58800,2580795,22369621,3,-13,13,193,7,820,1,3,4,2,82,10400600,9,53,1,36,53,4,10626810,171,18,702,5,7865521,13623482,1013976,169,0,40,67,1,336,8,13,34,114,41,16419342,53,4,52,3,6,-21,21,720,120,0,1,39,3,8,1,360,6,7,9,7,2,0,5,3,3,1,64
5,1,6,192,12,316749,14,2493726,4971068,439204,1,107,3010,196418,2485504,55,134217728,4,1014,379,0,56,710647,378,1632658,134217727,729,3654,1080,6930,19683,531441,8,24647168,2,9,1540,3,129,64,62400,4971008,44739243,4,14,28,197,1,1050,2,3,2,1,85,20058300,9,58,3,48,54,8,21253620,181,6,756,8,21489003,37220045,1819198,182,0,42,73,4,960,0,13,35,120,42,32706116,55,3,54,7,1,1,1,720,1,0,0,40,2,1,9,384,1,8,9,3,7,1,5,4,5,2,67
4,1,2,222,28,629933,8,4806078,9587580,710647,0,109,3718,317811,4793490,56,268435456,3,1154,407,0,30,1149851,406,2483234,268435455,784,4060,1162,7714,21952,614656,30,128406630,1,10,2310,2,133,67,74412,9586395,89478485,1,-14,1,199,3,842,1,1,2,2,86,40116600,10,61,1,30,57,1,42505932,191,28,812,3,29354524,50843527,3263875,196,2,44,75,1,192,0,14,37,126,43,65149296,57,2,56,29,1,-5040,1,1,1,-1,1,42,29,3,7,420,870,1,10,7,3,0,5,8,11,1,71
1,2,8,256,8,1256070,4,9272780,18512792,1149851,1,113,4565,514229,9256395,59,536870912,4,1294,436,1,72,1860498,435,3759612,536870911,841,4495,1247,8555,24389,707281,24,-29211840,1,10,2520,7,135,71,95040,18512790,178956971,5,15,42,227,5,1300,3,3,4,1,87,77558760,10,64,2,72,58,13,85011864,202,4,870,7,80198051,138907099,5855833,210,0,45,76,2,720,8,14,38,132,46,130298592,59,3,58,5,7,13068,127,7,247,-1,0,44,2,7,3,432,1,3,10,4,7,-4,5,1,1,3,73
4,1,2,296,30,2515169,12,17920860,35792568,1860498,0,127,5604,832040,17895679,61,1073741824,4,1460,466,0,32,3010349,465,5668963,1073741823,900,4960,1335,9455,27000,810000,32,-52843168,1,11,4620,9,141,73,102660,35790267,357913941,1,-15,1,229,2,962,1,1,2,1,91,155117520,10,65,1,32,60,1,170021123,212,30,930,4,109552575,189750626,10506175,225,0,46,79,1,576,0,15,39,138,47,260075635,61,2,60,31,21,-13132,966,42,4293,-1,0,45,31,9,1,480,14322,7,10,7,4,0,5,13,19,1,79
1,1,6,340,16,5049816,7,34669602,69273668,3010349,1,131,6842,1346269,34636833,62,2147483648,5,1626,497,0,63,4870847,496,8512309,2147483647,961,5456,1426,10416,29791,923521,1,-196706304,7,11,4620,5,151,79,113460,69273666,715827883,7,16,31,239,6,1365,1,5,1,2,93,300540195,10,68,6,48,63,16,340042246,222,8,992,5,299303201,518408351,18849555,240,1,48,81,10,768,0,15,41,140,51,519108172,63,1,62,2,35,6769,1701,210,15619,0,1,46,2,1,10,512,1,9,10,5,7,10,5,1,1,2,81
51,2,4,390,20,10172638,4,67159050,134219796,4870847,0,137,8349,2178309,67108864,64,4294967296,1,1828,529,1,48,7881196,528,12733429,4294967295,1024,5984,1520,11440,32768,1048576,48,134722224,1,11,5460,0,159,81,126000,134215680,1431655765,2,-16,15,241,6,1220,2,2,4,2,94,601080390,10,72,1,48,65,3,680079282,232,10,1056,1,408855776,708158977,33818794,256,0,49,84,1,24,4,16,43,144,53,1036138646,65,2,64,11,35,-1960,1050,840,15619,1,1,48,3,2,9,576,510,1,11,7,5,0,6,16,52,1,83
1,1,4,448,16,20543579,2,130216124,260301176,7881196,1,139,10143,3524578,130150493,67,8589934592,2,2030,562,0,54,12752043,561,18974973,8589934591,1089,6545,1617,12529,35937,1185921,18,165742416,1,11,5460,2,163,83,150348,260300986,2863311531,2,17,20,269,2,1450,2,2,2,1,95,1166803110,11,73,2,54,66,3,1360158564,242,16,1122,6,1117014753,1934726305,60675786,272,2,50,91,2,1152,0,16,44,150,55,2068138892,67,3,66,17,21,322,266,2520,4293,1,0,49,2,3,8,720,1,2,11,6,7,-6,6,3,3,2,89
2,2,4,512,24,41602425,6,252745368,505294128,12752043,0,149,12310,5702887,252645135,69,17179869184,2,2268,596,1,48,20633239,595,28175955,17179869183,1156,7140,1717,13685,39304,1336336,48,-80873520,1,11,9240,8,169,89,175560,505286415,5726623061,2,-17,13,271,4,1300,2,2,4,1,106,2333606220,11,74,1,48,68,3,2720306730,252,12,1190,5,1525870529,2642885282,108861148,289,0,51,93,1,432,8,17,45,156,57,4128034691,69,4,68,7,7,-28,28,5040,247,1,0,50,5,4,7,768,6,3,11,7,6,0,6,3,3,2,97
1,2,9,585,12,84440886,22,490984488,981706832,20633239,1,151,14883,9227465,490853403,70,34359738368,3,2506,631,0,91,33385282,630,41691046,34359738367,1225,7770,1820,14910,42875,1500625,13,167282496,4,11,9240,8,171,97,178920,981706806,11453246123,9,18,55,281,9,1911,2,4,3,2,111,4537567650,11,80,3,72,71,26,5440613460,262,6,1260,9,4168755811,7220496869,195312750,306,1,52,97,4,1152,0,17,46,160,58,8239650040,71,3,70,3,1,1,1,5040,1,0,1,51,2,5,6,840,1,4,11,1,8,1,6,3,3,3,101
14,1,2,668,36,171794492,11,954637558,1908881900,33385282,0,157,17977,14930352,954437120,73,68719476736,2,2790,667,1,38,54018521,666,61484961,68719476735,1296,8436,1926,16206,46656,1679616,38,-182213314,1,12,13860,4,189,101,181440,1908866960,22906492245,1,-18,1,283,7,1370,1,1,2,1,115,9075135300,11,81,1,38,72,1,10881206124,272,36,1332,4,5694626340,9863382151,350419594,324,2,54,100,1,312,4,18,47,162,59,16446593964,73,4,72,37,1,40320,1,1,1,-1,0,52,37,6,5,864,1919190,5,11,8,1,1,6,26,62,1,103
1,2,4,760,18,350238175,4,1857545300,3714566312,54018521,1,163,21637,24157817,1857283155,74,137438953472,3,3074,704,1,60,87403803,703,90379784,137438953471,1369,9139,2035,17575,50653,1874161,20,-255874080,1,12,13860,1,193,103,194472,3714566310,45812984491,2,19,22,311,7,1810,2,2,2,2,118,17672631900,11,82,2,60,75,3,21762412248,282,18,1406,11,15558008491,26947261171,628704034,342,0,55,103,2,912,8,18,49,168,61,32893187928,75,5,74,19,8,-109584,255,8,502,1,1,54,2,7,4,900,1,6,11,3,8,0,6,1,1,2,107
2,2,4,864,24,715497037,2,3617214681,7233642930,87403803,0,167,26015,39088169,3616814565,76,274877906944,3,3404,742,0,56,141422324,741,132441995,274877906943,1444,9880,2147,19019,54872,2085136,56,-145589976,1,12,16380,9,195,107,246480,7233615333,91625968981,2,-19,17,313,5,1700,2,2,4,2,119,35345263800,12,85,1,56,77,3,43524782946,292,12,1482,7,21252634831,36810643322,1127987211,361,0,56,108,1,480,0,19,50,174,62,65721226560,77,4,76,13,28,118124,3025,56,14608,1,1,55,3,8,3,960,6,7,11,8,3,-10,6,3,3,1,109
2,1,8,982,16,1464407113,8,7048675960,14096303344,141422324,1,173,31185,63245986,7048151355,79,549755813888,4,3734,781,0,90,228826127,780,193487501,549755813887,1521,10660,2262,20540,59319,2313441,6,408038400,3,12,16380,7,201,109,262080,14096302710,183251937963,7,20,50,347,7,2210,2,4,2,1,121,68923264410,12,89,4,72,78,20,87049565892,303,4,1560,10,58063278153,100568547815,2023774607,380,2,57,109,8,1344,0,19,51,176,65,131312154528,79,3,78,5,56,-67284,7770,336,88234,0,0,56,2,9,2,1024,1,8,11,5,8,0,6,3,3,4,113
14,1,2,1113,40,3002638286,10,13744694928,27487816992,228826127,0,179,37338,102334155,13743895344,81,1099511627776,2,4124,821,1,42,370248451,820,281846923,1099511627775,1600,11480,2380,22140,64000,2560000,42,308120442,1,13,27720,1,205,113,265680,27487764474,366503875925,1,-20,1,349,2,1682,1,1,2,1,122,137846528820,12,90,1,42,80,1,174099048684,313,40,1640,3,79315912984,137379191137,3630948907,400,2,58,111,1,144,8,20,52,180,66,262364233421,81,4,80,41,70,22449,6951,1680,156190,-1,0,57,41,10,1,1080,13530,9,11,8,5,15,6,20,45,1,121
1,2,8,1260,12,6167014607,4,26818405352,53634713552,370248451,1,181,44583,165580141,26817356775,82,2199023255552,3,4514,862,1,96,599074578,861,409383981,2199023255551,1681,12341,2501,23821,68921,2825761,32,101267712,1,13,30030,6,211,121,285852,53634713550,733007751851,5,21,54,419,4,2500,3,3,4,2,123,269128937220,12,97,2,96,83,13,348198097368,323,6,1722,11,216695104121,375326930089,6514456005,420,0,60,112,2,1008,8,20,53,186,67,524209358670,83,5,82,7,56,-4536,2646,6720,88234,-1,1,58,2,1,11,1152,1,10,11,7,8,0,6,1,1,3,125
6,1,2,1426,42,12686757825,10,52359294790,104715443852,599074578,0,191,53174,267914296,52357696365,84,4398046511104,3,4964,904,0,44,969323029,903,593001267,4398046511103,1764,13244,2625,25585,74088,3111696,44,-17125708,1,14,32760,9,219,125,352440,104715342801,1466015503701,1,-21,1,421,7,1850,1,1,2,2,129,538257874440,12,98,1,44,85,1,696396028620,333,42,1806,8,296011017105,512706121226,11687891925,441,0,62,117,1,768,0,21,55,192,69,1047382578694,85,6,84,43,28,546,462,20160,14608,-1,1,60,43,5,7,1260,1806,1,12,8,7,-7,6,13,19,1,127
1,2,6,1610,20,26138928604,4,102282248574,204560302844,969323029,1,193,63261,433494437,102280151421,87,8796093022208,4,5414,947,0,84,1568397607,946,856667495,8796093022207,1849,14190,2752,27434,79507,3418801,12,-786948864,2,14,60060,3,223,127,372000,204560302842,2932031007403,4,22,40,431,0,2562,2,3,2,1,133,1052049481860,12,100,3,72,86,8,1392792057240,343,10,1892,13,808717138331,1400739172541,20969797150,462,0,63,121,4,1056,0,21,57,196,70,2092697018496,87,5,86,11,8,-36,36,40320,502,0,0,62,2,7,5,1296,1,5,12,1,9,0,6,1,1,2,128
4,2,6,1816,24,53933576318,9,199914398490,399822505524,1568397607,0,197,75175,701408733,199911205050,88,17592186044416,3,5938,991,0,78,2537720636,990,1234363833,17592186044415,1936,15180,2882,29370,85184,3748096,78,-548895690,2,14,60060,9,231,128,443520,399822314775,5864062014805,4,-22,33,433,9,2366,2,3,6,2,134,2104098963720,13,101,1,72,89,8,2785583782248,353,12,1980,5,1104728155436,1913445293767,37622900973,484,2,64,124,1,288,0,22,58,198,71,4181266002301,89,4,88,5,1,1,1,40320,1,0,1,63,3,11,1,1440,690,7,12,9,1,1,6,8,11,2,131
2,1,4,2048,22,111437533064,2,390941662712,781874936816,2537720636,1,199,89134,1134903170,390937467284,91,35184372088832,4,6462,1036,1,72,4106118243,1035,1774079109,35184372088831,2025,16215,3015,31395,91125,4100625,24,-447438528,1,14,60060,9,235,131,456288,781874934568,11728124029611,2,23,26,461,3,2650,2,2,2,1,141,4116715363800,13,104,2,72,90,3,5571167564496,363,22,2070,12,3018173449203,5227629760075,67501019886,506,0,65,127,2,1872,8,22,59,200,73,8354292354562,91,5,90,23,1,-362880,1,1,1,1,0,64,2,1,12,1536,1,11,12,2,9,0,6,8,11,2,137
2,2,2,2304,46,230557486517,6,764884036743,1529755490574,4106118243,0,211,105558,1836311903,764877654105,93,70368744177664,4,7060,1082,0,48,6643838879,1081,2543535902,70368744177663,2116,17296,3151,33511,97336,4477456,48,2687348496,1,15,60060,3,237,137,515100,1529755125849,23456248059221,1,-23,1,463,6,2210,1,1,2,1,142,8233430727600,13,106,1,48,92,1,11142334464693,373,46,2162,7,4122901604639,7141075053842,121106762323,529,0,66,129,1,576,0,23,61,204,74,16708584709124,93,4,92,47,9,1026576,511,9,1013,-1,0,65,47,2,11,1680,282,1,13,9,2,5,6,3,3,1,139
1,1,10,2590,16,477611563049,4,1497215711538,2994414645860,6643838879,1,223,124754,2971215073,1497207322929,94,140737488355328,5,7658,1129,0,124,10749957122,1128,3637993036,140737488355327,2209,18424,3290,35720,103823,4879681,4,248758272,5,15,120120,7,241,139,546312,2994414645858,46912496118443,12,24,76,521,9,3410,2,5,2,2,143,16123801841550,13,109,5,96,95,48,22284668929386,383,4,2256,9,11263976658481,19509779867759,217283353640,552,0,68,133,9,1152,0,23,62,208,77,33400722824284,95,3,94,3,36,-1172700,9330,72,47840,0,1,66,2,3,10,1728,1,2,13,4,9,0,6,1,1,4,149
52,1,3,2910,42,990593118222,40,2932043766538,5864062367252,10749957122,0,227,147273,4807526976,2932031006720,97,281474976710656,2,8350,1177,0,57,17393796001,1176,5191304973,281474976710655,2304,19600,3432,38024,110592,5308416,57,-1696965207,2,15,120120,5,259,149,604800,5864061663920,93824992236885,2,-24,8,523,9,2451,1,2,3,1,145,32247603683100,13,113,1,56,96,2,44569336530174,393,42,2352,2,15386878263120,26650854921601,389838313476,576,1,69,139,1,96,0,24,63,210,78,66768552460640,97,2,96,7,84,723680,34105,504,455192,0,0,68,7,4,9,1800,46410,3,13,9,4,-20,6,48,200,1,151
2,2,6,3264,20,2056919312373,9,5744404057034,11488774559636,17393796001,1,229,173525,7778742049,5744387279808,98,562949953421312,3,9042,1226,1,93,28143753123,1225,7391026522,562949953421311,2401,20825,3577,40425,117649,5764801,31,611981400,2,15,180180,1,261,151,612468,11488774559616,187649984473771,4,25,43,569,9,3255,2,3,3,2,146,63205303218876,13,116,2,90,99,8,89138673060348,404,20,2450,9,42037733184721,72811489710961,699427308155,600,3,70,144,2,1368,4,24,64,216,79,133471383694720,99,3,98,5,126,-269325,42525,3024,1310354,0,1,69,2,5,8,1920,1,4,13,5,9,0,6,2,2,2,157
5,1,4,3658,32,4275826741501,2,11259024569838,22517998808028,28143753123,0,233,204226,12586269025,11258999068416,100,1125899906842624,3,9828,1276,2,72,45537549124,1275,10499640707,1125899906842623,2500,22100,3725,42925,125000,6250000,72,-1740295368,1,15,180180,0,267,157,647460,22517997465744,375299968947541,2,-25,21,571,5,2900,2,2,4,2,155,126410606437752,14,117,1,72,101,3,178277343463830,414,16,2550,7,57424611447841,99462344632562,1254875530736,625,0,72,147,1,744,12,25,65,220,82,266811455234912,101,4,100,17,126,63273,22827,15120,1310354,1,1,70,3,6,7,2048,66,5,13,9,5,21,6,8,11,1,163
1,1,6,4097,24,8897820358722,3,22076502318624,44152937528384,45537549124,1,239,239943,20365011074,22076468760335,103,2251799813685248,4,10614,1327,0,98,73681302247,1326,14883573114,2251799813685247,2601,23426,3876,45526,132651,6765201,14,850430336,2,15,180180,5,273,163,721392,44152937520670,750599937895083,4,26,46,599,9,3570,2,3,2,1,158,247959266474052,14,121,3,84,102,8,356554686927660,424,12,2652,12,156886956080403,271736178976085,2251431395067,650,2,74,148,4,1728,0,25,67,222,83,533360546236403,103,3,102,13,84,-9450,5880,60480,455192,0,0,72,2,7,6,2160,1,6,13,7,9,0,6,3,3,2,167
5,2,2,4582,52,18534868985473,8,43303893547956,86607686432616,73681302247,0,241,281589,32951280099,43303842570870,104,4503599627370496,3,11514,1379,1,54,119218851371,1378,21053676445,4503599627370495,2704,24804,4030,48230,140608,7311616,54,-1596055698,1,16,180180,8,283,167,885720,86607683851185,1501199875790165,1,-26,1,601,5,2810,1,1,2,2,159,495918532948104,14,122,1,54,105,1,713109368541588,434,52,2756,5,214311567528244,371198523608647,4039399293761,676,2,75,151,1,336,8,26,68,224,85,1066196883114136,105,4,104,53,36,870,750,181440,47840,-1,1,74,53,8,5,2304,1590,7,13,9,7,-8,6,8,11,1,169
1,2,8,5120,18,38647382629145,4,84973644983780,169947155749832,119218851371,1,251,329931,53316291173,84973577874915,107,9007199254740992,4,12414,1432,1,120,192900153618,1431,29720561230,9007199254740991,2809,26235,4187,51039,148877,7890481,40,1758697920,3,16,360360,2,285,169,976500,169947155749830,3002399751580331,7,27,66,617,7,4100,2,4,4,1,161,973469712824056,14,125,2,108,106,20,1426218737083176,444,18,2862,13,585510091136891,1014133226193379,7247276867411,702,0,76,156,2,1296,8,26,69,228,86,2131346383649578,107,5,106,3,9,-45,45,362880,1013,0,0,75,2,9,4,2310,1,8,13,8,9,0,6,1,1,2,173
15,1,4,5718,40,80660144452936,8,166800088109829,333599974893066,192900153618,0,257,386155,86267571272,166799986196480,109,18014398509481984,4,13428,1486,0,72,312119004989,1485,41871334614,18014398509481983,2916,27720,4347,53955,157464,8503056,72,2582175960,1,16,360360,0,289,173,979200,333599969907456,6004799503160661,2,-27,17,619,4,3172,2,2,4,1,166,1946939425648112,14,128,1,72,108,3,2852437463539542,454,20,2970,8,799821658665135,1385331749802026,13002681389917,729,0,77,157,1,960,0,27,71,234,87,4260600070280660,109,4,108,11,1,1,1,362880,1,1,0,76,5,10,3,2520,798,9,13,9,8,1,6,20,45,2,179
2,2,8,6378,24,168496405966083,9,327534652572024,655069036708592,312119004989,1,263,451276,139583862445,327534518354199,110,36028797018963968,5,14442,1541,0,120,505019158607,1540,58874385349,36028797018963967,3025,29260,4510,56980,166375,9150625,8,-1414533120,3,16,360360,9,297,179,1024128,655069036708398,12009599006321323,7,28,64,641,9,4250,2,4,2,2,169,3824345300380220,14,130,4,96,111,20,5704874927079084,464,6,3080,11,2185153408467161,3784796725797431,23328724221849,756,0,78,163,8,1728,0,27,73,240,89,8517018874559019,111,3,110,7,1,3628800,1,1,1,0,1,77,2,11,2,2592,1,10,13,1,10,-1,6,3,3,3,181
13,2,4,7108,36,352290103749902,5,643371579062292,1286742755471400,505019158607,0,269,526823,225851433717,643371375338640,112,72057594037927936,3,15596,1597,0,80,817138163596,1596,82623976486,72057594037927935,3136,30856,4676,60116,175616,9834496,80,2686677840,1,16,360360,7,303,181,1123980,1286742745883790,24019198012642645,2,-28,23,643,6,3620,2,2,4,2,177,7648690600760440,15,136,1,80,113,3,11409749832904548,474,18,3192,3,2984975067132296,5170128475599457,41855164920436,784,0,80,169,1,192,0,28,74,246,91,17034037749118038,113,2,112,19,10,-10628640,1023,10,2036,1,1,78,3,12,1,2880,870,11,13,10,1,0,6,20,45,1,191
2,1,4,7917,28,737181667007073,2,1264168584899532,2528336632928152,817138163596,1,271,614154,365435296162,1264168316450277,115,144115188075855872,4,16750,1654,0,90,1322157322203,1653,115737404664,144115188075855871,3249,32509,4845,63365,185193,10556001,30,-3081759120,1,16,471240,4,307,191,1285608,2528336632900554,48038396025285291,2,29,32,659,6,4210,2,2,2,1,178,15033633249770520,15,137,2,90,114,3,22819499665809096,484,28,3306,10,8155103542731753,14125053676996345,75094326386141,812,2,81,171,2,1920,0,28,75,252,93,34059721205881514,115,3,114,29,45,12753576,28501,90,152637,1,0,80,2,1,13,3072,1,12,13,3,10,15,6,3,3,2,193
2,1,2,8808,58,1543831278731515,6,2484745029278898,4969489253251428,1322157322203,0,277,715220,591286729879,2484744621997515,117,288230376151711744,4,18044,1712,1,60,2139295485799,1711,161825846160,288230376151711743,3364,34220,5017,66729,195112,11316496,60,-5189203740,1,17,510510,9,319,193,1342740,4969489234738635,96076792050570581,1,-29,1,661,9,3482,1,1,2,1,183,30067266499541040,15,144,1,60,116,1,45638999289112260,494,58,3422,7,11140078609864049,19295182152595802,134730274434996,841,0,82,172,1,720,8,29,76,258,94,68102733827053904,117,4,116,59,120,-8409500,145750,720,2203488,-1,0,81,59,3,11,3360,354,1,14,10,3,0,6,3,3,1,197
1,2,12,9792,16,3235668092770504,9,4885261149611790,9770521225481756,2139295485799,1,281,831820,956722026041,4885260612740877,118,576460752303423488,5,19338,1771,0,168,3461452808002,1770,225863047430,576460752303423487,3481,35990,5192,70210,205379,12117361,24,-1791659520,2,17,556920,4,321,197,1451520,9770521225481754,192153584101141163,11,30,108,809,6,5460,3,4,4,2,185,59132290782430712,15,145,3,144,119,44,91277998578224520,505,4,3540,11,30435260762459851,52715417982187949,241725942889019,870,0,84,175,4,1440,0,29,77,260,95,136172066931283524,119,3,118,5,210,3416930,246730,5040,9738114,0,1,82,2,5,9,3456,1,3,14,7,10,-35,6,1,1,4,199
13,1,2,10880,60,6786645948530214,14,9607680019329456,19215358428046176,3461452808002,0,283,966467,1548008755920,9607679205048286,121,1152921504606846976,4,20798,1831,0,62,5600748293801,1830,314689799781,1152921504606846975,3600,37820,5370,73810,216000,12960000,62,6956478662,1,18,1021020,4,327,199,1653900,19215358392200893,384307168202282325,1,-30,1,811,7,3722,1,1,2,1,187,118264581564861424,15,146,1,62,120,1,182555997071437176,515,60,3660,4,41575339372323900,72010600134783751,433691920506543,900,2,85,181,1,576,0,30,79,264,97,272277365310106408,121,2,120,61,252,-902055,179487,30240,15724248,-1,0,84,61,9,5,3600,56786730,5,14,10,7,0,6,44,113,1,211
1,2,4,12076,30,14244997304930756,4,18900353608280300,37800705069076952,5600748293801,1,293,1121505,2504730781961,18900352534538475,122,2305843009213693952,5,22258,1892,1,96,9062201101803,1891,437699333376,2305843009213693951,3721,39711,5551,77531,226981,13845841,32,1268236032,1,18,1021020,5,331,211,1721400,37800705069076950,768614336404564651,2,31,34,821,6,4810,2,2,2,2,194,232714176627630544,15,148,2,96,123,3,365111994142874352,525,30,3782,9,113585939507107651,196736618251755451,778107139329469,930,0,86,183,2,1488,8,30,81,270,101,544421259236518096,123,3,122,31,210,157773,63987,151200,9738114,1,1,85,2,11,3,3840,1,9,14,9,10,28,6,1,1,2,223
2,2,6,13394,36,29920919387044286,8,37191017905571379,74382032589917286,9062201101803,0,307,1300156,4052739537881,37191016277640225,124,4611686018427387904,5,23884,1954,0,104,14662949395604,1953,607771804065,4611686018427387903,3844,41664,5735,81375,238328,14776336,104,1902838392,2,18,1141140,9,339,223,1814400,74382032520643617,1537228672809129301,4,-31,41,823,2,4550,2,3,6,2,201,465428353255261088,16,149,1,96,125,8,730223988115727581,535,6,3906,5,155161278879431551,268747218386539202,1396038735497338,961,0,87,189,1,768,0,31,82,272,102,1088575707017801280,125,2,124,7,120,-18150,11880,604800,2203488,0,1,86,3,13,1,4096,6,11,14,10,9,0,6,3,3,2,227
4,1,7,14848,32,62890178579375393,74,73201367519380268,146402730743793240,14662949395604,1,311,1505499,6557470319842,73201365371846652,127,9223372036854775808,6,25510,2017,0,127,23725150497407,2016,842541287719,9223372036854775807,3969,43680,5922,85344,250047,15752961,1,2699296768,11,18,1141140,2,349,227,1876896,146402730743693304,3074457345618258603,11,32,63,827,7,5461,1,6,1,1,202,916312070471295267,16,153,7,96,126,32,1460447976231455162,545,16,4032,6,423908497265970753,734231055024833855,2504698970816621,992,1,88,192,12,2496,0,31,83,276,103,2176618053489366157,127,1,126,2,45,1320,1155,1814400,152637,0,0,87,2,1,14,4320,1,13,14,1,11,-9,6,8,11,2,229
267,2,4,16444,48,132274612360922980,13,144115191330636810,288230376218822676,23725150497407,0,313,1741630,10610209857723,144115188075855872,128,18446744073709551616,1,27338,2081,1,84,38388099893011,2080,1166117605448,18446744073709551615,4096,45760,6112,89440,262144,16777216,84,-2790474540,1,18,2042040,3,357,229,1934868,288230376084602880,6148914691236517205,2,-32,19,829,7,4420,2,2,4,2,203,1832624140942590534,16,157,1,84,129,3,2920895952122868078,555,12,4160,1,579069776145402304,1002978273411373057,4493798613905269,1024,4,90,193,1,24,4,32,85,280,105,4352169910095618178,129,2,128,13,10,-55,55,3628800,2036,1,1,88,5,2,13,4608,510,1,15,11,1,0,7,32,203,2,233
1,2,8,18200,20,278385647424378687,7,283796066967422192,567592125344909792,38388099893011,1,317,2012558,17167680177565,283796062672454577,131,36893488147419103232,2,29166,2146,2,144,62113250390418,2145,1611415838202,36893488147419103231,4225,47905,6305,93665,274625,17850625,48,-3233333376,1,18,2042040,0,361,233,2097024,567592125344909154,12297829382473034411,5,33,78,857,2,6100,3,3,4,1,205,3609714217008132870,16,160,2,144,130,13,5841791904245736156,565,10,4290,7,1582048049556775361,2740187601847579969,8062536144230357,1056,0,91,196,2,2016,16,32,86,282,106,8702208473807586778,131,3,130,11,1,1,1,3628800,1,-1,0,90,2,4,11,4620,1,2,15,2,11,1,7,3,3,2,239
4,1,2,20132,66,586253150035075398,10,558992251165454994,1117984489446008100,62113250390418,0,331,2323520,27777890035288,558992244657833425,133,73786976294838206464,2,31196,2212,0,68,100501350283429,2211,2223312543970,73786976294838206463,4356,50116,6501,98021,287496,18974736,68,-15481826884,1,19,3063060,7,367,239,2165292,1117984489185516357,24595658764946068821,1,-33,1,859,4,4490,1,1,2,1,206,7219428434016265740,16,162,1,68,132,1,11683583807811393030,575,66,4422,6,2161117825702177665,3743165875258953026,14465376547257194,1089,0,92,199,1,1152,0,33,87,288,107,17400156347544892896,133,4,132,67,1,-39916800,1,1,1,-1,0,91,67,7,8,5040,64722,4,15,11,2,0,7,13,19,1,241
1,1,6,22250,32,1235330813966401622,7,1101298162244236182,2202596307308603180,100501350283429,1,337,2679689,44945570212853,1101298153654301589,134,147573952589676412928,3,33226,2279,0,126,162614600673847,2278,3062906627106,147573952589676412927,4489,52394,6700,102510,300763,20151121,18,10165534848,2,19,3063060,8,385,241,2328648,2202596307308603178,49191317529892137643,4,34,58,881,0,6090,2,3,2,2,209,14226520737620288370,16,164,3,108,135,8,23367167615622786060,585,16,4556,11,5904283700961130691,10226519352365486021,25953014648523851,1122,2,93,201,4,1632,0,33,89,294,109,34800312695089785792,135,3,134,17,11,120543840,2047,11,4083,0,1,92,2,8,7,5184,1,7,15,3,11,-6,7,1,1,2,243
5,2,4,24576,44,2604553054017800280,2,2170205198153526576,4340410370537249376,162614600673847,0,347,3087735,72723460248141,2170205185142300190,137,295147905179352825856,2,35494,2347,1,96,263115950957276,2346,4213276093961,295147905179352825855,4624,54740,6902,107134,314432,21381376,96,4698104544,1,19,3423420,1,391,243,2413320,4340410370031955245,98382635059784275285,2,-34,27,883,7,5300,2,2,4,1,213,28453041475240576740,16,169,1,96,136,3,46734335229885413556,595,22,4692,5,8065401526663308356,13969685227624439047,46563528239276954,1156,0,94,208,1,432,8,34,91,300,110,69592108371305012565,137,4,136,23,55,-150917976,86526,110,478271,1,0,93,3,11,4,5400,30,8,15,11,3,0,7,8,11,1,251
1,1,8,27130,24,5494490874497590628,2,4277505889344524468,8555011744329310568,263115950957276,1,349,3554345,117669030460994,4277505872164472921,138,590295810358705651712,3,37762,2416,0,144,425730551631123,2415,5787232662336,590295810358705651711,4761,57155,7107,111895,328509,22667121,48,1940964480,1,19,3423420,6,393,251,2588772,8555011744328945842,196765270119568550571,5,35,74,1019,6,6500,3,3,4,2,214,56093138908331422716,17,170,2,144,139,13,93468670459770827112,606,12,4830,14,22035086754287747403,38165889807614364115,83541823231748146,1190,0,95,211,2,2304,0,34,92,304,111,139167182704860907092,139,5,138,7,165,105258076,611501,990,10187685,-1,1,94,2,13,2,5760,1,11,15,4,11,35,7,3,3,3,256
4,1,2,29927,70,11597351487541211218,10,8432797316853883164,16865594582168158776,425730551631123,0,353,4087968,190392490709135,8432797290838652043,140,1180591620717411303424,3,40268,2486,0,72,688846502588399,2485,7937771067795,1180591620717411303423,4900,59640,7315,116795,343000,24010000,72,9791485272,1,20,6126120,4,399,256,2867580,16865594581186450683,393530540239137101141,1,-35,1,1021,6,5042,1,1,2,2,215,112186277816662845432,17,173,1,72,141,1,186937340916821347494,616,70,4970,9,30100488280951055759,52135575035238803162,149886327192362829,1225,0,96,217,1,1152,0,35,93,306,113,278300305688515932670,141,4,140,71,330,-45995730,1379400,7920,66318474,-1,1,95,71,14,1,6144,4686,13,15,11,4,0,7,13,19,1,257
1,2,12,32992,24,24491783593614040220,4,16628051030379615882,33256101992039755028,688846502588399,1,359,4697205,308061521170129,16628050996019877513,143,2361183241434822606848,4,42774,2557,0,195,1114577054219522,2556,10872114256046,2361183241434822606847,5041,62196,7526,121836,357911,25411681,13,-9600560640,6,20,6126120,0,409,257,2964780,33256101992039755026,787061080478274202283,16,36,123,1031,3,7735,2,5,3,1,217,221256270138418389602,17,178,4,144,142,76,373874681833642694988,626,6,5112,13,82236063316189858921,142437039878091970439,268918132381873003,1260,1,98,219,8,1728,0,35,94,308,114,556532508643204811436,143,3,142,3,462,13339535,1323652,55440,162512286,0,0,96,2,1,15,6300,1,14,15,5,11,-56,7,1,1,4,263
50,1,2,36352,72,51749439379506781173,16,32794211738611821312,65588423374144427520,1114577054219522,0,367,5392783,498454011879264,32794211686594641920,145,4722366482869645213696,2,45564,2629,1,74,1803423556807921,2628,14870591703377,4722366482869645213695,5184,64824,7740,127020,373248,26873856,74,1463791322,1,21,6846840,6,415,263,3265920,65588423372234846720,1574122160956548404565,1,-36,1,1033,0,5330,1,1,2,1,218,442512540276836779204,17,180,1,74,144,1,747749363661844776516,636,72,5256,4,112336551597140914680,194572614913330773601,482478710890290470,1296,2,99,223,1,312,4,36,95,312,115,1112928845219478339348,145,4,144,73,462,-2637558,627396,332640,162512286,-1,0,98,73,3,13,6480,140100870,1,16,11,5,0,7,76,355,1,269
1,2,4,40026,36,109397706900151067515,4,64689951888851602952,129379903640264252432,1803423556807921,1,373,6185689,806515533049393,64689951820132126215,146,9444732965739290427392,3,48354,2702,1,114,2918000611027443,2701,20311959869076,9444732965739290427391,5329,67525,7957,132349,389017,28398241,38,4373119536,1,21,6846840,2,421,269,3483840,129379903640264252430,3148244321913096809131,2,37,40,1049,3,6850,2,2,2,2,219,873065282167813104916,17,181,2,114,147,3,1495498727323689553032,646,36,5402,15,306909166510471688281,531582269704753517641,865637822190493777,1332,2,100,225,2,1776,8,36,97,318,118,2225585413073646572288,147,5,146,37,330,357423,159027,1663200,66318474,1,1,99,2,5,11,6720,1,3,16,6,11,36,7,1,1,2,271
2,2,6,44046,40,231378007845549932354,2,127631526668052321918,255263053129946213628,2918000611027443,0,379,7089500,1304969544928657,127631526564044465235,148,18889465931478580854784,3,51428,2776,1,124,4721424167835364,2775,27707354427729,18889465931478580854783,5476,70300,8177,137825,405224,29986576,124,-6425804700,2,21,6846840,8,427,271,3594432,255263053126231647315,6296488643826193618261,4,-37,49,1051,5,6510,2,3,6,2,221,1746130564335626209832,17,185,1,120,149,8,2990997454636497899940,656,20,5550,11,419245718107612602961,726154884618084291242,1553081664110149303,1369,0,102,228,1,912,8,37,98,320,119,4450626404888056626480,149,6,148,5,165,-32670,22275,6652800,10187685,0,1,100,3,7,9,6912,6,5,16,11,6,0,7,3,3,2,277
3,1,6,48446,36,489600023866070467541,2,251859545890487146472,503719091506096386000,4721424167835364,1,383,8118264,2111485077978050,251859545753047520816,151,37778931862957161709568,4,54502,2851,0,140,7639424778862807,2850,37745732428153,37778931862957161709567,5625,73150,8400,143450,421875,31640625,20,-15693610240,2,21,6846840,6,429,277,3822588,503719091506095041632,12592977287652387236523,4,38,64,1061,3,7602,2,3,2,1,226,3446310324346630677300,17,193,3,120,150,8,5981994909272995799880,666,18,5700,18,1145400602725696894203,1983892038940922100125,2786457099682413233,1406,0,104,229,4,2976,0,37,99,324,122,8900164234069095451680,151,5,150,19,55,1925,1705,19958400,478271,0,0,102,2,9,7,7200,1,7,16,7,11,-10,7,8,11,2,281
4,2,4,53250,60,1036479502925052977383,4,497091208931087393202,994182417449857925988,7639424778862807,0,389,9289091,3416454622906707,497091208723120548810,152,75557863725914323419136,3,57906,2927,0,96,12360848946698171,2926,51354666391773,75557863725914323419135,5776,76076,8626,149226,438976,33362176,96,-8951543328,1,21,8953560,2,433,281,3940200,994182417442624283055,25185954575304774473045,2,-38,19,1063,5,6100,2,2,4,2,235,6892620648693261354600,18,194,1,96,153,3,11963989818524229187512,676,30,5852,7,1564646320833309497164,2710046923559006391367,4999314168596450359,1444,0,105,237,1,480,0,38,101,330,123,17798151850084701537203,153,4,152,11,11,-66,66,39916800,4083,1,1,104,7,11,5,7560,30,9,16,11,7,0,7,8,11,2,283
1,1,8,58499,24,2195202581218006298241,6,981270957754284704684,1962541914958813595480,12360848946698171,1,397,10619863,5527939700884757,981270957479406797637,155,151115727451828646838272,4,61310,3004,0,168,20000273725560978,3003,69781543686979,151115727451828646838271,5929,79079,8855,155155,456533,35153041,56,3494159424,1,21,9699690,0,451,283,4245696,1962541914958813595274,50371909150609548946091,5,39,90,1091,4,8500,3,3,4,1,237,13608507434599516007800,18,196,2,168,154,13,23927979637048458375024,686,12,6006,17,4274693244392315888531,7403985886058934882859,8969505455219101342,1482,0,106,241,2,2304,0,38,103,336,127,35591951530259307456228,155,5,154,13,1,1,1,39916800,1,-1,0,105,2,13,3,7680,1,11,16,8,11,1,7,3,3,2,289
6,1,2,64234,78,4651338706168960031113,10,1937381121593132140708,3874762242361630560584,20000273725560978,0,401,12132164,8944394323791464,1937381121177289913895,157,302231454903657293676544,4,65044,3082,0,80,32361122672259149,3081,94701959299374,302231454903657293676543,6084,82160,9087,161239,474552,37015056,80,38116845680,1,22,12252240,8,463,289,4680000,3874762242347531676435,100743818301219097892181,1,-39,1,1093,7,6242,1,1,2,1,247,27217014869199032015600,18,197,1,80,156,1,47855959274053391967102,696,78,6162,10,5839339565225625385695,10114032809617941274226,16092612986114092685,1521,0,108,243,1,1344,0,39,105,340,129,71175200852044807325678,157,4,156,79,1,479001600,1,1,1,-1,0,106,79,15,1,7776,3318,13,16,11,8,1,7,13,19,1,293
1,2,10,70488,32,9859749389299748033052,4,3825714619583392442706,7651429238067273257636,32361122672259149,1,409,13848650,14472334024676221,3825714619033636628817,158,604462909807314587353088,5,68778,3161,0,186,52361396397820127,3160,128364196860773,604462909807314587353087,6241,85320,9322,167480,493039,38950081,6,4767866880,5,22,19399380,9,475,293,4696860,7651429238067273257634,201487636602438195784363,12,40,106,1151,5,8866,2,5,2,2,249,53753604366668088230810,18,200,5,144,159,48,95711918548106783934204,707,4,6320,13,15953372374843566659921,27632051505294817431311,28872516329224367815,1560,2,110,244,9,1920,0,39,106,342,130,142350401704089614651356,159,3,158,5,12,-1486442880,4095,12,8178,0,1,108,2,1,16,8192,1,15,16,9,11,0,7,1,1,4,307
52,2,5,77312,54,20909016373671544992645,155,7555786373422938025200,15111572745196608608736,52361396397820127,0,419,15796476,23416728348467685,7555786372591432341504,161,1208925819614629174706176,2,72902,3241,1,121,84722519070079276,3240,173781688194937,1208925819614629174706175,6400,88560,9560,173880,512000,40960000,121,1665188361,5,22,19399380,9,477,307,5515776,15111572745169120787664,402975273204876391568725,5,-40,40,1153,9,7381,1,4,5,1,253,107507208733336176461620,18,202,1,108,160,8,191423837096126518302516,717,54,6480,3,21792711940069192045616,37746084314912758705537,51801543969317724511,1600,1,111,247,1,144,8,40,107,348,131,284683403251831684409816,161,4,160,3,66,1931559552,261625,132,1479726,0,0,110,3,2,15,8640,230010,1,17,11,9,-21,7,48,200,1,311
15,1,4,84756,40,44358473302819265986953,10,14925010119798638898462,29850020237398254541372,84722519070079276,1,421,18004327,37889062373143906,14925010118699124785152,162,2417851639229258349412352,3,77026,3322,1,126,137083915467899403,3321,234989042219523,2417851639229258349412351,6561,91881,9801,180441,531441,43046721,42,-7394890608,1,22,19399380,8,483,311,5544672,29850020237398249570304,805950546409752783137451,2,41,44,1229,4,8410,2,2,2,2,254,212392290424395860814420,18,205,2,126,163,3,382847674192253036605032,727,40,6642,14,59538796254981950751153,103124220135120334842385,92939594422853556796,1640,2,112,252,2,2904,4,40,109,350,133,569332006190968279033840,163,5,162,41,220,-1414014888,2532530,1320,45533450,1,1,111,2,3,14,9216,1,2,17,10,11,0,7,8,15,2,313
2,2,2,92864,82,94143525314455561623586,6,29485995602019485259228,58971991200740435635128,137083915467899403,0,431,20506255,61305790721611591,29485995600356809139175,164,4835703278458516698824704,3,81540,3404,1,84,221806434537978679,3403,317382398602028,4835703278458516698824703,6724,95284,10045,187165,551368,45212176,84,-29335099668,1,23,19399380,6,487,313,5663616,58971991200686800921575,1611901092819505566274901,1,-41,1,1231,5,6890,1,1,2,2,259,424784580848791721628840,18,208,1,84,165,1,765695348384331974161380,737,82,6806,11,81331508195051142796769,140870304450033093547922,166747311945008694202,1681,0,114,256,1,1008,8,41,110,352,134,1138594420273565253055115,165,6,164,83,495,657206836,7508501,11880,423281535,-1,1,112,83,4,13,9240,498,3,17,11,10,70,7,3,3,1,317
1,2,12,101698,24,199880755320679984838068,6,58261485284831754566694,116522970565265462622284,221806434537978679,1,433,23338469,99194853094755497,58261485282632731311141,167,9671406556917033397649408,4,86054,3487,0,224,358890350005878082,3486,428171324714100,9671406556917033397649407,6889,98770,10292,194054,571787,47458321,32,6211086336,2,23,38798760,2,489,317,5848428,116522970565265462622282,3223802185639011132549803,11,42,140,1277,7,10500,3,4,4,1,262,839455243105945545123660,19,212,3,192,166,44,1531390696768663948322760,747,6,6972,19,222201812645084236344691,384864829035186521938229,299169220756249218052,1722,0,115,259,4,2016,0,41,111,354,137,2277049673364425645203138,167,5,166,7,792,-206070150,9321312,95040,1505621508,0,0,114,2,5,12,10080,1,4,17,1,12,0,7,1,1,4,331
15,1,4,111322,64,424535585953336445723915,6,115135792347575114543648,230271584688553159320640,358890350005878082,0,439,26543660,160500643816367088,115135792344250395993210,168,19342813113834066795298816,3,91018,3571,0,108,580696784543856761,3570,576978362008262,19342813113834066795298815,7056,102340,10542,201110,592704,49787136,108,-33355661220,1,23,38798760,8,495,331,6004380,230271584688448434290055,6447604371278022265099605,2,-42,23,1279,1,7540,2,2,4,2,265,1678910486211891090247320,19,218,1,108,169,3,3062781393536979698548152,757,16,7140,8,303533320840135379141460,525735133485219615486151,536753616018831168748,1764,4,116,268,1,768,0,42,113,360,138,4553821046423162774473606,169,6,168,17,924,44990231,5715424,665280,2275172004,1,1,115,5,6,11,10368,3404310,5,17,12,1,-84,7,44,113,1,337
1,1,4,121792,42,902019431646632551533574,2,227562507225975302929472,455125014443154512836736,580696784543856761,1,443,30167357,259695496911122585,227562507221577256414509,171,38685626227668133590597632,4,95982,3656,2,132,939587134549734843,3655,776633557947931,38685626227668133590597631,7225,105995,10795,208335,614125,52200625,44,411016992,1,23,58198140,0,511,337,6065280,455125014443154512829018,12895208742556044530199211,2,43,46,1289,3,9250,2,2,2,1,267,3318776542511877736535400,19,221,2,132,170,3,6125562787073959397096304,767,42,7310,21,829268454325354994627611,1436335096005625752910531,963014990582976052936,1806,0,117,271,2,2592,16,42,115,364,139,9107085560337682344135776,171,7,170,43,792,-6926634,1899612,3991680,1505621508,1,0,116,2,7,10,10800,1,6,17,5,12,0,7,3,3,2,343
2,2,4,133184,56,1917222795082101093776220,2,449832863119068367872573,899665726224942596211834,939587134549734843,0,449,34262962,420196140727489673,449832863112420158030205,173,77371252455336267181195264,4,101396,3742,0,120,1520283919093591604,3741,1044226582040722,77371252455336267181195263,7396,109736,11051,215731,636056,54700816,120,32358470760,1,23,58198140,3,517,343,6324552,899665726224738035908989,25790417485112089060398421,2,-43,33,1291,8,8420,2,2,4,1,274,6637553085023755473070800,19,225,1,120,172,3,12251125574147222398163988,777,28,7482,13,1132801775165490373769071,1962070229490845368396682,1727790636914878448840,1849,0,118,273,1,1056,0,43,116,366,141,18213058191830145209932204,173,6,172,29,495,749463,359502,19958400,423281535,1,0,117,3,8,9,11520,6,7,17,12,5,45,7,3,3,1,347
1,1,8,145578,40,4076435054313559650396765,2,889324740874730204724120,1778649481731868223403824,1520283919093591604,1,457,38887673,679891637638612258,889324740865934102445515,174,154742504910672534362390528,5,106810,3829,0,180,2459871053643326447,3828,1402498445554353,154742504910672534362390527,7569,113564,11310,223300,658503,57289761,12,45164021760,3,23,58198140,4,519,347,6825840,1778649481731868204891030,51580834970224178120796843,7,44,92,1301,2,10370,2,4,2,2,278,13124252690842425594480900,19,226,4,144,175,20,24502251148294444796327976,787,10,7656,18,3094872004656335742165753,5360475554987316489703895,3099910711881621664776,1892,0,119,277,8,2880,0,43,117,368,142,36423890798247216773292120,175,5,174,11,220,-55770,39325,79833600,45533450,0,1,118,2,9,8,12288,1,8,17,7,12,0,7,3,3,2,349
12,2,2,159046,88,8670341576106643631521880,10,1758437555816391076574364,3516875111606393874082104,2459871053643326447,0,461,44108109,1100087778366101931,1758437555803096981390800,176,309485009821345068724781056,3,112748,3917,0,90,3980154972736918051,3916,1881680993051046,309485009821345068724781055,7744,117480,11572,231044,681472,59969536,90,-24992917110,1,24,58198140,8,529,349,6998640,3516875111605994051576550,103161669940448356241593685,1,-44,1,1303,1,7922,1,1,2,2,287,26248505381684851188961800,19,229,1,90,177,1,49004502296587496800598712,797,88,7832,5,4227673779821826115934824,7322545784478161858100577,5561696085352672474153,1936,2,120,279,1,288,0,44,118,372,143,72843330970089545489957760,177,4,176,89,66,2717,2431,239500800,1479726,-1,1,119,89,10,7,12600,61410,9,17,12,7,-11,7,20,45,1,353
1,2,12,173682,24,18447445145912326223866730,4,3477359660931581722277912,6954719321827979072466992,3980154972736918051,1,463,49995925,1779979416004714189,3477359660913989536233495,179,618970019642690137449562112,4,118686,4006,1,234,6440026026380244498,4005,2521925777635221,618970019642690137449562111,7921,121485,11837,238965,704969,62742241,78,13173496560,2,24,116396280,2,535,353,7174332,6954719321827979072466990,206323339880896712483187371,11,45,144,1319,7,11830,3,4,6,1,289,51913710643776705684835560,19,232,2,216,178,44,98009004593174993601197424,808,12,8010,17,11550219564299987974035401,20005567123943640205905049,9978501389496992830602,1980,2,121,283,2,2160,8,44,119,378,145,145677761775945021884463840,179,5,178,5,12,-78,78,479001600,8178,0,0,120,2,11,6,12960,1,10,17,11,12,0,7,1,1,4,359
10,1,4,189586,72,39262442122421809524005046,10,6877444662723140842510068,13754889325393505126886888,6440026026380244498,0,467,56634173,2880067194370816120,6877444662696557076806224,181,1237940039285380274899124224,4,125148,4096,1,112,10420180999117162549,4095,3376508618954817,1237940039285380274899124223,8100,125580,12105,247065,729000,65610000,112,9673645072,1,24,116396280,5,537,359,7906500,13754889325392723216145164,412646679761793424966374741,2,-45,21,1321,8,8500,2,2,4,1,291,103827421287553411369671120,20,233,1,112,180,3,196018009186347201618612600,818,12,8190,12,15777893344121814089970225,27328112908421802064005626,17902900203846694149570,2025,0,122,289,1,1872,8,45,121,380,146,291337725400039959067390477,181,6,180,13,1,1,1,479001600,1,1,0,121,7,12,5,13440,272118,11,17,12,11,1,7,44,113,2,361
1,2,6,206848,44,83590376853422713388714201,2,13603736695478923656694872,27207473390887478569212080,10420180999117162549,1,479,64112359,4660046610375530309,13603736695443739284605715,182,2475880078570760549798248448,5,131610,4187,0,168,16860207025497407047,4186,4516053506209319,2475880078570760549798248447,8281,129766,12376,255346,753571,68574961,24,-27442896384,2,24,116396280,3,541,361,8487168,27207473390887478569211430,825293359523586849932749483,4,46,76,1427,5,11130,2,3,2,2,295,205397724721029574666088520,20,234,3,144,183,8,392036018372694403237225200,828,22,8372,19,43106006252543616153975851,74661792940787244333916301,32120438049570839626704,2070,0,123,291,4,2688,0,45,122,384,149,582639858848549658827324726,183,5,182,23,1,-6227020800,1,1,1,0,1,122,2,13,4,13824,1,12,17,1,13,0,7,3,3,2,367
4,2,4,225585,60,178020528713193961309691299,2,26911739984517947581815054,53823479968930342047363612,16860207025497407047,0,487,72533807,7540113804746346429,26911739984464788584763570,185,4951760157141521099596496896,4,138670,4279,0,128,27280388024614569596,4278,6034095681424573,4951760157141521099596496895,8464,134044,12650,263810,778688,71639296,128,-13316478336,1,24,116396280,4,553,367,9095592,53823479968928812291873035,1650586719047173699865498965,2,-46,35,1429,2,9620,2,2,4,1,298,410795449442059149332177040,20,241,1,128,184,3,784072036745383235306885904,838,30,8556,7,58883899596665430243946076,101989905849209046397921927,57628793589244240126722,2116,0,124,292,1,576,0,46,123,390,151,1165279717697099317654649452,185,4,184,31,13,19802759040,8191,13,16369,1,0,123,3,14,3,13860,1410,13,17,13,1,7,7,8,11,1,373
2,1,4,245920,46,379241414165603867776501450,2,53244732872559842956478532,106489465744978948424601736,27280388024614569596,1,491,82010177,12200160415121876738,53244732872489474177664033,186,9903520314283042199192993792,5,145730,4372,0,144,44140595050111976643,4371,8054401761691018,9903520314283042199192993791,8649,138415,12927,272459,804357,74805201,48,-64496363904,1,24,140900760,2,559,373,9732420,106489465744978948355328066,3301173438094347399730997931,2,47,50,1451,5,11050,2,2,2,2,299,812850570172585125274307760,20,242,2,144,187,3,1568144073490766470613771808,848,46,8742,16,160873805445874476641868003,278641604639205337129760155,103394537939562581667562,2162,0,125,300,2,3072,0,46,124,392,154,2330488260193346590501973226,187,5,186,47,78,-26596717056,788970,156,4537314,1,1,124,2,15,2,14400,1,14,17,2,13,0,7,3,3,2,379
2,1,4,267968,72,808147121601837814568461328,2,105356599088223771924108747,210713198176236437615684502,44140595050111976643,0,499,92669720,19740274219868223167,105356599088117470204180785,188,19807040628566084398385987584,5,153388,4466,0,120,71420983074726546239,4465,10740594259633282,19807040628566084398385987583,8836,142880,13207,281295,830584,78074896,120,51494658600,1,24,140900760,1,577,379,9951120,210713198176233443201038641,6602346876188694799461995861,2,-47,25,1453,1,9412,2,2,4,2,301,1625701140345170250548615520,20,244,1,120,189,3,3136288146981521798893078923,858,36,8930,9,219757705042539906885814079,380631510488414383527682082,185505019451437935478414,2209,0,126,301,1,1152,0,47,125,396,155,4660834169984989091389295096,189,4,188,19,286,20313753096,10391745,1716,198410786,1,1,125,5,16,1,15120,6,15,17,13,2,-56,7,3,3,1,383
1,2,12,291874,32,1722627329630871412011512437,2,208495164511362678524008344,416990329022443882071306032,71420983074726546239,1,503,104651419,31940434634990099905,208495164511221941035639215,191,39614081257132168796771975168,6,161046,4561,0,252,115561578124838522882,4560,14308794779412286,39614081257132168796771975167,9025,147440,13490,290320,857375,81450625,4,-49569988608,7,24,157477320,1,579,383,9999360,416990329022443882071278430,13204693752377389598923991723,19,48,156,1481,6,13650,2,6,2,1,302,3217533506933149454210801550,20,245,6,192,190,112,6272576293963043597786157846,868,8,9120,11,600389215530954290413496161,1039904625616034104185124319,332823308923662560905200,2256,0,128,304,10,2880,0,47,127,400,157,9321383656566726351094180376,191,3,190,3,715,-9957703756,40075035,17160,2571742175,0,0,126,2,1,17,15360,1,16,17,3,13,0,7,3,3,4,389
231,1,2,317788,96,3672956468036815184501831357,14,412646679762005997259326218,825293359523589782053586452,115561578124838522882,0,509,118114304,51680708854858323072,412646679761793424944005120,193,79228162514264337593543950336,2,169396,4657,0,98,186982561199565069121,4656,19044219737399823,79228162514264337593543950335,9216,152096,13776,299536,884736,84934656,98,75013568546,1,25,157477320,7,583,389,10200960,825293359523583917857003520,26409387504754779197847983445,1,-48,1,1483,6,9410,1,1,2,1,303,6435067013866298908421603100,20,250,1,98,192,1,12545152587926064910903386306,878,96,9312,2,820146920573494197299310240,1420536136104448487712806401,597134003653706132733855,2304,2,129,307,1,96,0,48,128,402,158,18642197981127261733909326912,193,2,192,97,1287,3336118786,63436373,154440,12843262863,-1,0,128,97,5,13,15552,4501770,1,18,13,3,126,7,112,958,1,397
1,1,6,345856,42,7833596095195834473055292464,4,816785180559707635734895712,1633570361118852321516370112,186982561199565069121,1,521,133230930,83621143489848422977,816785180559426160758185055,194,158456325028528675187087900672,3,177746,4754,1,171,302544139324403592003,4753,25322945742768655,158456325028528675187087900671,9409,156849,14065,308945,912673,88529281,57,40727164968,2,25,232792560,0,591,397,10626828,1633570361118852321516370110,52818775009509558395695966891,4,49,73,1487,4,12255,2,3,3,2,305,12738806129490428451365214300,20,256,2,168,195,8,25090305175852129821806772612,888,42,9506,11,2240683056677942685012116641,3880976897824931079610737121,1071346293240802625813023,2352,1,130,309,2,2352,8,48,129,408,159,37283257367834249902565598709,195,3,194,7,1716,-790943153,49329280,1235520,27971176092,0,1,129,2,7,11,16384,1,5,18,4,13,0,7,1,1,2,401
5,2,6,376256,60,16711868038431945999292246099,2,1616901275801738096771848239,3233802551602631768613564510,302544139324403592003,0,523,150198136,135301852344706746049,1616901275801313012113141760,196,316912650057057350374175801344,3,186788,4852,1,156,489526700523968661124,4851,33640433065994170,316912650057057350374175801343,9604,161700,14357,318549,941192,92236816,156,-60754911516,2,25,232792560,6,601,401,11093880,3233802551602620279839003712,105637550019019116791391933781,4,-49,57,1489,2,11102,2,3,6,2,309,25477612258980856902730428600,21,257,1,144,197,8,50180610351704215074277015050,898,30,9702,9,3060829977251436882311426881,5301513033929379567323543522,1922152938901194880690729,2401,0,132,313,1,1368,4,49,130,414,161,74564237685995135379485994280,197,4,196,11,1716,135036473,20912320,8648640,27971176092,0,1,130,3,11,7,17280,6,7,18,13,4,-120,7,8,11,2,409
2,2,9,409174,40,35661927121077628230383782764,38,3201137879364778610385398532,6402275758728431320863954440,489526700523968661124,1,541,169229875,218922995834555169026,3201137879364215660301826604,199,633825300114114700748351602688,4,195830,4951,0,217,792070839848372253127,4950,44648874867815365,633825300114114700748351602687,9801,166650,14652,328350,970299,96059601,31,37534859200,4,25,232792560,7,613,409,11332452,6402275758728431320603653208,211275100038038233582783867563,9,50,117,1607,7,13671,2,4,3,1,314,50445672272782096667406248628,21,260,3,180,198,26,100361220703408430148554030100,909,20,9900,16,8362343011180816449634970403,14484002965683690214257824165,3448625289354562721060296,2450,3,133,316,4,3744,0,49,131,416,163,149123921550943847596197514954,199,3,198,5,1287,-16669653,5135130,51891840,12843262863,0,0,132,2,13,5,18432,1,11,18,5,13,0,7,8,11,3,419
